x,y,timestamp
0.000000,0.000000,2023-01-01T00:29:11
0.000000,0.000000,2023-01-01T00:29:12
0.000000,0.000000,2023-01-01T00:29:13
0.000000,0.000000,2023-01-01T00:29:14
0.000000,0.000000,2023-01-01T00:29:15
0.000000,0.000000,2023-01-01T00:29:16
0.000000,0.000000,2023-01-01T00:29:17
0.000000,0.000000,2023-01-01T00:29:18
0.000000,0.000000,2023-01-01T00:29:19
0.000000,0.000000,2023-01-01T00:29:20
0.000000,0.000000,2023-01-01T00:29:21
0.111193,0.000000,2023-01-01T00:29:22
0.111193,0.000000,2023-01-01T00:29:23
0.111193,0.000000,2023-01-01T00:29:24
0.111193,0.000000,2023-01-01T00:29:25
0.111193,0.000000,2023-01-01T00:29:26
0.111193,0.000000,2023-01-01T00:29:27
0.111193,0.000000,2023-01-01T00:29:28
0.000000,0.111195,2023-01-01T00:29:29
0.000000,0.111195,2023-01-01T00:29:30
0.000000,0.111195,2023-01-01T00:29:31
0.000000,0.111195,2023-01-01T00:29:32
0.000000,0.111195,2023-01-01T00:29:33
0.000000,0.111195,2023-01-01T00:29:34
0.000000,0.222390,2023-01-01T00:29:35
0.000000,0.222390,2023-01-01T00:29:36
0.000000,0.222390,2023-01-01T00:29:37
0.000000,0.222390,2023-01-01T00:29:38
0.000000,0.222390,2023-01-01T00:29:39
0.000000,0.222390,2023-01-01T00:29:40
0.000000,0.222390,2023-01-01T00:29:41
0.000000,0.333585,2023-01-01T00:29:42
0.000000,0.333585,2023-01-01T00:29:43
-0.111193,0.333585,2023-01-01T00:29:44
-0.111193,0.333585,2023-01-01T00:29:45
-0.111193,0.333585,2023-01-01T00:29:46
-0.111193,0.333585,2023-01-01T00:29:47
0.000000,0.333585,2023-01-01T00:29:48
0.000000,0.333585,2023-01-01T00:29:49
0.000000,0.333585,2023-01-01T00:29:50
0.000000,0.444780,2023-01-01T00:29:51
0.000000,0.444780,2023-01-01T00:29:52
0.000000,0.444780,2023-01-01T00:29:53
0.111193,0.444780,2023-01-01T00:29:54
0.111193,0.444780,2023-01-01T00:29:55
0.111193,0.444780,2023-01-01T00:29:56
0.111193,0.444780,2023-01-01T00:29:57
0.111193,0.444780,2023-01-01T00:29:58
0.111193,0.444780,2023-01-01T00:29:59
0.111193,0.444780,2023-01-01T00:30:00
0.111193,0.444780,2023-01-01T00:30:01
0.111193,0.444780,2023-01-01T00:30:02
0.111193,0.444780,2023-01-01T00:30:03
0.111193,0.444780,2023-01-01T00:30:04
0.111193,0.444780,2023-01-01T00:30:05
0.111193,0.444780,2023-01-01T00:30:06
0.111193,0.444780,2023-01-01T00:30:07
0.111193,0.444780,2023-01-01T00:30:08
0.111193,0.444780,2023-01-01T00:30:09
0.111193,0.444780,2023-01-01T00:30:10
0.111193,0.444780,2023-01-01T00:30:11
0.111193,0.444780,2023-01-01T00:30:12
0.111193,0.444780,2023-01-01T00:30:13
0.111193,0.444780,2023-01-01T00:30:14
0.111193,0.444780,2023-01-01T00:30:15
0.111193,0.444780,2023-01-01T00:30:16
0.111193,0.444780,2023-01-01T00:30:17
0.111193,0.444780,2023-01-01T00:30:18
0.111193,0.444780,2023-01-01T00:30:19
0.222385,0.444780,2023-01-01T00:30:20
0.222385,0.444780,2023-01-01T00:30:21
0.222385,0.444780,2023-01-01T00:30:22
0.222385,0.444780,2023-01-01T00:30:23
0.222385,0.444780,2023-01-01T00:30:24
0.222385,0.444780,2023-01-01T00:30:25
0.222385,0.444780,2023-01-01T00:30:26
0.222385,0.444780,2023-01-01T00:30:27
0.222385,0.444780,2023-01-01T00:30:28
0.222385,0.444780,2023-01-01T00:30:29
0.222385,0.444780,2023-01-01T00:30:30
0.222385,0.444780,2023-01-01T00:30:31
0.222385,0.444780,2023-01-01T00:30:32
0.222385,0.444780,2023-01-01T00:30:33
0.222385,0.444780,2023-01-01T00:30:34
0.222385,0.444780,2023-01-01T00:30:35
0.222385,0.444780,2023-01-01T00:30:36
0.222385,0.444780,2023-01-01T00:30:37
0.222385,0.444780,2023-01-01T00:30:38
0.222385,0.444780,2023-01-01T00:30:39
0.222385,0.444780,2023-01-01T00:30:40
0.222385,0.444780,2023-01-01T00:30:41
0.222385,0.444780,2023-01-01T00:30:42
0.222385,0.444780,2023-01-01T00:30:43
0.222385,0.444780,2023-01-01T00:30:44
0.222385,0.444780,2023-01-01T00:30:45
0.222385,0.444780,2023-01-01T00:30:46
0.222385,0.444780,2023-01-01T00:30:47
0.222385,0.444780,2023-01-01T00:30:48
0.222385,0.444780,2023-01-01T00:30:49
0.222385,0.444780,2023-01-01T00:30:50
0.222385,0.444780,2023-01-01T00:30:51
0.222385,0.444780,2023-01-01T00:30:52
0.222385,0.555975,2023-01-01T00:30:53
0.222385,0.555975,2023-01-01T00:30:54
0.222385,0.555975,2023-01-01T00:30:55
0.222385,0.555975,2023-01-01T00:30:56
0.222385,0.555975,2023-01-01T00:30:57
0.222385,0.555975,2023-01-01T00:30:58
0.222385,0.555975,2023-01-01T00:30:59
0.333578,0.555975,2023-01-01T00:31:00
0.333578,0.555975,2023-01-01T00:31:01
0.333578,0.555975,2023-01-01T00:31:02
0.333578,0.555975,2023-01-01T00:31:03
0.333578,0.555975,2023-01-01T00:31:04
0.333578,0.555975,2023-01-01T00:31:05
0.333578,0.555975,2023-01-01T00:31:06
0.333578,0.555975,2023-01-01T00:31:07
0.333578,0.555975,2023-01-01T00:31:08
0.333578,0.555975,2023-01-01T00:31:09
0.333578,0.555975,2023-01-01T00:31:10
0.333578,0.555975,2023-01-01T00:31:11
0.333578,0.555975,2023-01-01T00:31:12
0.333578,0.555975,2023-01-01T00:31:13
0.333578,0.555975,2023-01-01T00:31:14
0.333578,0.555975,2023-01-01T00:31:15
0.333578,0.555975,2023-01-01T00:31:16
0.333578,0.555975,2023-01-01T00:31:17
0.333578,0.555975,2023-01-01T00:31:18
0.333578,0.555975,2023-01-01T00:31:19
0.333578,0.555975,2023-01-01T00:31:20
0.333578,0.555975,2023-01-01T00:31:21
0.333578,0.555975,2023-01-01T00:31:22
0.333578,0.667170,2023-01-01T00:31:23
0.333578,0.667170,2023-01-01T00:31:24
0.333578,0.667170,2023-01-01T00:31:25
0.333578,0.667170,2023-01-01T00:31:26
0.333578,0.667170,2023-01-01T00:31:27
0.333578,0.667170,2023-01-01T00:31:28
0.333578,0.667170,2023-01-01T00:31:29
0.333578,0.667170,2023-01-01T00:31:30
0.333578,0.667170,2023-01-01T00:31:31
0.333578,0.667170,2023-01-01T00:31:32
0.333578,0.667170,2023-01-01T00:31:33
0.333578,0.667170,2023-01-01T00:31:34
0.333578,0.667170,2023-01-01T00:31:35
0.333578,0.778364,2023-01-01T00:31:36
0.333578,0.778364,2023-01-01T00:31:37
0.333578,0.778364,2023-01-01T00:31:38
0.333578,0.778364,2023-01-01T00:31:39
0.333578,0.778364,2023-01-01T00:31:40
0.333578,0.778364,2023-01-01T00:31:41
0.333578,0.778364,2023-01-01T00:31:42
0.333578,0.778364,2023-01-01T00:31:43
0.333578,0.778364,2023-01-01T00:31:44
0.333578,0.778364,2023-01-01T00:31:45
0.333578,0.778364,2023-01-01T00:31:46
0.333578,0.778364,2023-01-01T00:31:47
0.333578,0.778364,2023-01-01T00:31:48
0.333578,0.778364,2023-01-01T00:31:49
0.333578,0.778364,2023-01-01T00:31:50
0.333578,0.778364,2023-01-01T00:31:51
0.444771,0.889559,2023-01-01T00:31:52
0.444771,0.889559,2023-01-01T00:31:53
0.444771,0.889559,2023-01-01T00:31:54
0.444771,0.889559,2023-01-01T00:31:55
0.444771,0.889559,2023-01-01T00:31:56
0.444771,0.889559,2023-01-01T00:31:57
0.444771,0.889559,2023-01-01T00:31:58
0.444771,0.889559,2023-01-01T00:31:59
0.444771,0.889559,2023-01-01T00:32:00
0.444771,0.889559,2023-01-01T00:32:01
0.444771,0.889559,2023-01-01T00:32:02
0.444771,0.889559,2023-01-01T00:32:03
0.444771,0.889559,2023-01-01T00:32:04
0.444771,0.889559,2023-01-01T00:32:05
0.444771,0.889559,2023-01-01T00:32:06
0.444771,0.889559,2023-01-01T00:32:07
0.444771,0.889559,2023-01-01T00:32:08
0.444771,0.889559,2023-01-01T00:32:09
0.444771,0.889559,2023-01-01T00:32:10
0.444771,0.889559,2023-01-01T00:32:11
0.444771,0.889559,2023-01-01T00:32:12
0.444771,0.889559,2023-01-01T00:32:13
0.444771,0.889559,2023-01-01T00:32:14
0.444771,1.000754,2023-01-01T00:32:15
0.444771,1.000754,2023-01-01T00:32:16
0.444771,1.000754,2023-01-01T00:32:17
0.444771,1.000754,2023-01-01T00:32:18
0.444771,1.000754,2023-01-01T00:32:19
0.444771,1.000754,2023-01-01T00:32:20
0.444771,1.000754,2023-01-01T00:32:21
0.555964,1.000754,2023-01-01T00:32:22
0.555964,1.000754,2023-01-01T00:32:23
0.555964,1.000754,2023-01-01T00:32:24
0.555964,1.000754,2023-01-01T00:32:25
0.555964,1.000754,2023-01-01T00:32:26
0.555964,1.000754,2023-01-01T00:32:27
0.555964,1.000754,2023-01-01T00:32:28
0.555964,1.000754,2023-01-01T00:32:29
0.555964,1.000754,2023-01-01T00:32:30
0.555964,1.000754,2023-01-01T00:32:31
0.555964,1.000754,2023-01-01T00:32:32
0.555964,1.000754,2023-01-01T00:32:33
0.555964,1.000754,2023-01-01T00:32:34
0.555964,1.000754,2023-01-01T00:32:35
0.555964,1.000754,2023-01-01T00:32:36
0.555964,1.000754,2023-01-01T00:32:37
0.555964,1.000754,2023-01-01T00:32:38
0.555964,1.000754,2023-01-01T00:32:39
0.555964,1.000754,2023-01-01T00:32:40
0.555964,1.000754,2023-01-01T00:32:41
0.555964,1.000754,2023-01-01T00:32:42
0.555964,1.000754,2023-01-01T00:32:43
0.555964,1.000754,2023-01-01T00:32:44
0.555964,1.000754,2023-01-01T00:32:45
0.555964,1.000754,2023-01-01T00:32:46
0.555964,1.000754,2023-01-01T00:32:47
0.555964,1.000754,2023-01-01T00:32:48
0.555964,1.111949,2023-01-01T00:32:49
0.555964,1.111949,2023-01-01T00:32:50
0.555964,1.111949,2023-01-01T00:32:51
0.555964,1.111949,2023-01-01T00:32:52
0.555964,1.111949,2023-01-01T00:32:53
0.555964,1.111949,2023-01-01T00:32:54
0.555964,1.111949,2023-01-01T00:32:55
0.555964,1.111949,2023-01-01T00:32:56
0.555964,1.111949,2023-01-01T00:32:57
0.555964,1.111949,2023-01-01T00:32:58
0.444771,1.111949,2023-01-01T00:32:59
0.444771,1.111949,2023-01-01T00:33:00
0.444771,1.111949,2023-01-01T00:33:01
0.444771,1.111949,2023-01-01T00:33:02
0.444771,1.111949,2023-01-01T00:33:03
0.444771,1.111949,2023-01-01T00:33:04
0.444771,1.111949,2023-01-01T00:33:05
0.444771,1.111949,2023-01-01T00:33:06
0.444771,1.111949,2023-01-01T00:33:07
0.444771,1.111949,2023-01-01T00:33:08
0.444771,1.111949,2023-01-01T00:33:09
0.444771,1.111949,2023-01-01T00:33:10
0.444771,1.111949,2023-01-01T00:33:11
0.444771,1.111949,2023-01-01T00:33:12
0.444771,1.111949,2023-01-01T00:33:13
0.444771,1.111949,2023-01-01T00:33:14
0.444771,1.111949,2023-01-01T00:33:15
0.444771,1.111949,2023-01-01T00:33:16
0.444771,1.111949,2023-01-01T00:33:17
0.444771,1.111949,2023-01-01T00:33:18
0.444771,1.111949,2023-01-01T00:33:19
0.444771,1.111949,2023-01-01T00:33:20
0.444771,1.111949,2023-01-01T00:33:21
0.444771,1.111949,2023-01-01T00:33:22
0.444771,1.111949,2023-01-01T00:33:23
0.444771,1.111949,2023-01-01T00:33:24
0.444771,1.111949,2023-01-01T00:33:25
0.333578,1.111949,2023-01-01T00:33:26
0.333578,1.111949,2023-01-01T00:33:27
0.333578,1.111949,2023-01-01T00:33:28
0.333578,1.000754,2023-01-01T00:33:29
0.333578,1.000754,2023-01-01T00:33:30
0.333578,1.000754,2023-01-01T00:33:31
0.333578,1.000754,2023-01-01T00:33:32
0.333578,1.000754,2023-01-01T00:33:33
0.333578,1.000754,2023-01-01T00:33:34
0.333578,1.000754,2023-01-01T00:33:35
0.333578,1.000754,2023-01-01T00:33:36
0.333578,1.000754,2023-01-01T00:33:37
0.333578,1.000754,2023-01-01T00:33:38
0.333578,1.000754,2023-01-01T00:33:39
0.333578,1.000754,2023-01-01T00:33:40
0.333578,1.000754,2023-01-01T00:33:41
0.333578,1.000754,2023-01-01T00:33:42
0.333578,1.000754,2023-01-01T00:33:43
0.333578,1.000754,2023-01-01T00:33:44
0.333578,1.000754,2023-01-01T00:33:45
0.333578,1.000754,2023-01-01T00:33:46
0.333578,1.000754,2023-01-01T00:33:47
0.333578,1.000754,2023-01-01T00:33:48
0.333578,0.889559,2023-01-01T00:33:49
0.333578,0.889559,2023-01-01T00:33:50
0.333578,0.889559,2023-01-01T00:33:51
0.333578,0.889559,2023-01-01T00:33:52
0.333578,0.889559,2023-01-01T00:33:53
0.333578,0.889559,2023-01-01T00:33:54
0.333578,0.889559,2023-01-01T00:33:55
0.333578,0.889559,2023-01-01T00:33:56
0.333578,0.889559,2023-01-01T00:33:57
0.333578,0.889559,2023-01-01T00:33:58
0.333578,0.889559,2023-01-01T00:33:59
0.333578,0.889559,2023-01-01T00:34:00
0.333578,0.778364,2023-01-01T00:34:01
0.333578,0.778364,2023-01-01T00:34:02
0.333578,0.778364,2023-01-01T00:34:03
0.333578,0.778364,2023-01-01T00:34:04
0.222385,0.778364,2023-01-01T00:34:05
0.222385,0.778364,2023-01-01T00:34:06
0.222385,0.778364,2023-01-01T00:34:07
0.222385,0.778364,2023-01-01T00:34:08
0.222385,0.778364,2023-01-01T00:34:09
0.222385,0.778364,2023-01-01T00:34:10
0.222385,0.667170,2023-01-01T00:34:11
0.222385,0.667170,2023-01-01T00:34:12
0.222385,0.667170,2023-01-01T00:34:13
0.222385,0.667170,2023-01-01T00:34:14
0.222385,0.667170,2023-01-01T00:34:15
0.222385,0.667170,2023-01-01T00:34:16
0.222385,0.667170,2023-01-01T00:34:17
0.222385,0.667170,2023-01-01T00:34:18
0.222385,0.667170,2023-01-01T00:34:19
0.222385,0.667170,2023-01-01T00:34:20
0.222385,0.555975,2023-01-01T00:34:21
0.222385,0.555975,2023-01-01T00:34:22
0.222385,0.555975,2023-01-01T00:34:23
0.222385,0.555975,2023-01-01T00:34:24
0.222385,0.555975,2023-01-01T00:34:25
0.111193,0.555975,2023-01-01T00:34:26
0.111193,0.555975,2023-01-01T00:34:27
0.111193,0.555975,2023-01-01T00:34:28
0.111193,0.444780,2023-01-01T00:34:29
0.111193,0.444780,2023-01-01T00:34:30
0.111193,0.444780,2023-01-01T00:34:31
0.111193,0.444780,2023-01-01T00:34:32
0.111193,0.444780,2023-01-01T00:34:33
0.111193,0.444780,2023-01-01T00:34:34
0.111193,0.333585,2023-01-01T00:34:35
0.111193,0.333585,2023-01-01T00:34:36
0.000000,0.333585,2023-01-01T00:34:37
0.000000,0.333585,2023-01-01T00:34:38
0.000000,0.333585,2023-01-01T00:34:39
0.000000,0.333585,2023-01-01T00:34:40
0.000000,0.222390,2023-01-01T00:34:41
0.000000,0.222390,2023-01-01T00:34:42
0.000000,0.222390,2023-01-01T00:34:43
0.000000,0.222390,2023-01-01T00:34:44
0.000000,0.222390,2023-01-01T00:34:45
-0.111193,0.111195,2023-01-01T00:34:46
-0.111193,0.111195,2023-01-01T00:34:47
-0.111193,0.111195,2023-01-01T00:34:48
-0.111193,0.111195,2023-01-01T00:34:49
-0.111193,0.111195,2023-01-01T00:34:50
-0.111193,0.000000,2023-01-01T00:34:51
-0.111193,0.000000,2023-01-01T00:34:52
-0.111193,0.000000,2023-01-01T00:34:53
-0.222385,0.000000,2023-01-01T00:34:54
-0.222385,0.000000,2023-01-01T00:34:55
-0.222385,-0.111195,2023-01-01T00:34:56
-0.222385,-0.111195,2023-01-01T00:34:57
-0.222385,-0.111195,2023-01-01T00:34:58
-0.222385,-0.111195,2023-01-01T00:34:59
-0.222385,-0.111195,2023-01-01T00:35:00
-0.222385,-0.111195,2023-01-01T00:35:01
-0.222385,-0.222390,2023-01-01T00:35:02
-0.333578,-0.222390,2023-01-01T00:35:03
-0.333578,-0.222390,2023-01-01T00:35:04
-0.333578,-0.222390,2023-01-01T00:35:05
-0.333578,-0.222390,2023-01-01T00:35:06
-0.333578,-0.333585,2023-01-01T00:35:07
-0.333578,-0.333585,2023-01-01T00:35:08
-0.333578,-0.333585,2023-01-01T00:35:09
-0.333578,-0.333585,2023-01-01T00:35:10
-0.333578,-0.333585,2023-01-01T00:35:11
-0.444771,-0.444780,2023-01-01T00:35:12
-0.444771,-0.444780,2023-01-01T00:35:13
-0.444771,-0.444780,2023-01-01T00:35:14
-0.444771,-0.444780,2023-01-01T00:35:15
-0.444771,-0.444780,2023-01-01T00:35:16
-0.444771,-0.555975,2023-01-01T00:35:17
-0.444771,-0.555975,2023-01-01T00:35:18
-0.444771,-0.555975,2023-01-01T00:35:19
-0.444771,-0.555975,2023-01-01T00:35:20
-0.444771,-0.555975,2023-01-01T00:35:21
-0.444771,-0.667170,2023-01-01T00:35:22
-0.555964,-0.667170,2023-01-01T00:35:23
-0.555964,-0.667170,2023-01-01T00:35:24
-0.555964,-0.667170,2023-01-01T00:35:25
-0.555964,-0.667170,2023-01-01T00:35:26
-0.555964,-0.778364,2023-01-01T00:35:27
-0.555964,-0.778364,2023-01-01T00:35:28
-0.555964,-0.778364,2023-01-01T00:35:29
-0.555964,-0.778364,2023-01-01T00:35:30
-0.555964,-0.889559,2023-01-01T00:35:31
-0.667156,-0.889559,2023-01-01T00:35:32
-0.667156,-0.889559,2023-01-01T00:35:33
-0.667156,-0.889559,2023-01-01T00:35:34
-0.667156,-0.889559,2023-01-01T00:35:35
-0.667156,-1.000754,2023-01-01T00:35:36
-0.667156,-1.000754,2023-01-01T00:35:37
-0.667156,-1.000754,2023-01-01T00:35:38
-0.667156,-1.000754,2023-01-01T00:35:39
-0.778349,-1.111949,2023-01-01T00:35:40
-0.778349,-1.111949,2023-01-01T00:35:41
-0.778349,-1.111949,2023-01-01T00:35:42
-0.778349,-1.111949,2023-01-01T00:35:43
-0.778349,-1.223144,2023-01-01T00:35:44
-0.778349,-1.223144,2023-01-01T00:35:45
-0.778349,-1.223144,2023-01-01T00:35:46
-0.889542,-1.223144,2023-01-01T00:35:47
-0.889542,-1.223144,2023-01-01T00:35:48
-0.889542,-1.334339,2023-01-01T00:35:49
-0.889542,-1.334339,2023-01-01T00:35:50
-0.889542,-1.334339,2023-01-01T00:35:51
-0.889542,-1.334339,2023-01-01T00:35:52
-0.889542,-1.445534,2023-01-01T00:35:53
-0.889542,-1.445534,2023-01-01T00:35:54
-0.889542,-1.445534,2023-01-01T00:35:55
-0.889542,-1.445534,2023-01-01T00:35:56
-1.000735,-1.556729,2023-01-01T00:35:57
-1.000735,-1.556729,2023-01-01T00:35:58
-1.000735,-1.556729,2023-01-01T00:35:59
-1.000735,-1.556729,2023-01-01T00:36:00
-1.000735,-1.667924,2023-01-01T00:36:01
-1.000735,-1.667924,2023-01-01T00:36:02
-1.111927,-1.667924,2023-01-01T00:36:03
-1.111927,-1.667924,2023-01-01T00:36:04
-1.111927,-1.779119,2023-01-01T00:36:05
-1.111927,-1.779119,2023-01-01T00:36:06
-1.111927,-1.779119,2023-01-01T00:36:07
-1.223120,-1.779119,2023-01-01T00:36:08
-1.223120,-1.890314,2023-01-01T00:36:09
-1.223120,-1.890314,2023-01-01T00:36:10
-1.223120,-1.890314,2023-01-01T00:36:11
-1.223120,-2.001509,2023-01-01T00:36:12
-1.223120,-2.001509,2023-01-01T00:36:13
-1.223120,-2.001509,2023-01-01T00:36:14
-1.334313,-2.001509,2023-01-01T00:36:15
-1.334313,-2.112704,2023-01-01T00:36:16
-1.334313,-2.112704,2023-01-01T00:36:17
-1.334313,-2.112704,2023-01-01T00:36:18
-1.334313,-2.112704,2023-01-01T00:36:19
-1.334313,-2.223899,2023-01-01T00:36:20
-1.334313,-2.223899,2023-01-01T00:36:21
-1.334313,-2.223899,2023-01-01T00:36:22
-1.445506,-2.335093,2023-01-01T00:36:23
-1.445506,-2.335093,2023-01-01T00:36:24
-1.445506,-2.335093,2023-01-01T00:36:25
-1.445506,-2.335093,2023-01-01T00:36:26
-1.445506,-2.446288,2023-01-01T00:36:27
-1.445506,-2.446288,2023-01-01T00:36:28
-1.556698,-2.446288,2023-01-01T00:36:29
-1.556698,-2.557483,2023-01-01T00:36:30
-1.556698,-2.557483,2023-01-01T00:36:31
-1.556698,-2.557483,2023-01-01T00:36:32
-1.556698,-2.557483,2023-01-01T00:36:33
-1.556698,-2.557483,2023-01-01T00:36:34
-1.556698,-2.668678,2023-01-01T00:36:35
-1.667891,-2.668678,2023-01-01T00:36:36
-1.667891,-2.668678,2023-01-01T00:36:37
-1.667891,-2.668678,2023-01-01T00:36:38
-1.667891,-2.779873,2023-01-01T00:36:39
-1.667891,-2.779873,2023-01-01T00:36:40
-1.667891,-2.779873,2023-01-01T00:36:41
-1.779084,-2.779873,2023-01-01T00:36:42
-1.779084,-2.891068,2023-01-01T00:36:43
-1.779084,-2.891068,2023-01-01T00:36:44
-1.779084,-2.891068,2023-01-01T00:36:45
-1.779084,-2.891068,2023-01-01T00:36:46
-1.779084,-3.002263,2023-01-01T00:36:47
-1.779084,-3.002263,2023-01-01T00:36:48
-1.890277,-3.002263,2023-01-01T00:36:49
-1.890277,-3.002263,2023-01-01T00:36:50
-1.890277,-3.113458,2023-01-01T00:36:51
-1.890277,-3.113458,2023-01-01T00:36:52
-1.890277,-3.113458,2023-01-01T00:36:53
-1.890277,-3.113458,2023-01-01T00:36:54
-1.890277,-3.224653,2023-01-01T00:36:55
-1.890277,-3.224653,2023-01-01T00:36:56
-1.890277,-3.224653,2023-01-01T00:36:57
-2.001469,-3.224653,2023-01-01T00:36:58
-2.001469,-3.335848,2023-01-01T00:36:59
-2.001469,-3.335848,2023-01-01T00:37:00
-2.001469,-3.335848,2023-01-01T00:37:01
-2.001469,-3.335848,2023-01-01T00:37:02
-2.001469,-3.447043,2023-01-01T00:37:03
-2.001469,-3.447043,2023-01-01T00:37:04
-2.001469,-3.447043,2023-01-01T00:37:05
-2.112662,-3.558238,2023-01-01T00:37:06
-2.112662,-3.558238,2023-01-01T00:37:07
-2.112662,-3.558238,2023-01-01T00:37:08
-2.112662,-3.558238,2023-01-01T00:37:09
-2.112662,-3.558238,2023-01-01T00:37:10
-2.112662,-3.669433,2023-01-01T00:37:11
-2.112662,-3.669433,2023-01-01T00:37:12
-2.223855,-3.669433,2023-01-01T00:37:13
-2.223855,-3.669433,2023-01-01T00:37:14
-2.223855,-3.780628,2023-01-01T00:37:15
-2.223855,-3.780628,2023-01-01T00:37:16
-2.223855,-3.780628,2023-01-01T00:37:17
-2.223855,-3.780628,2023-01-01T00:37:18
-2.223855,-3.891822,2023-01-01T00:37:19
-2.223855,-3.891822,2023-01-01T00:37:20
-2.335048,-3.891822,2023-01-01T00:37:21
-2.335048,-3.891822,2023-01-01T00:37:22
-2.335048,-3.891822,2023-01-01T00:37:23
-2.335048,-4.003017,2023-01-01T00:37:24
-2.335048,-4.003017,2023-01-01T00:37:25
-2.335048,-4.003017,2023-01-01T00:37:26
-2.335048,-4.003017,2023-01-01T00:37:27
-2.335048,-4.003017,2023-01-01T00:37:28
-2.335048,-4.114212,2023-01-01T00:37:29
-2.446240,-4.114212,2023-01-01T00:37:30
-2.446240,-4.114212,2023-01-01T00:37:31
-2.446240,-4.114212,2023-01-01T00:37:32
-2.446240,-4.114212,2023-01-01T00:37:33
-2.446240,-4.225407,2023-01-01T00:37:34
-2.446240,-4.225407,2023-01-01T00:37:35
-2.446240,-4.225407,2023-01-01T00:37:36
-2.446240,-4.225407,2023-01-01T00:37:37
-2.446240,-4.225407,2023-01-01T00:37:38
-2.557433,-4.336602,2023-01-01T00:37:39
-2.557433,-4.336602,2023-01-01T00:37:40
-2.557433,-4.336602,2023-01-01T00:37:41
-2.557433,-4.336602,2023-01-01T00:37:42
-2.557433,-4.447797,2023-01-01T00:37:43
-2.557433,-4.447797,2023-01-01T00:37:44
-2.557433,-4.447797,2023-01-01T00:37:45
-2.557433,-4.447797,2023-01-01T00:37:46
-2.557433,-4.447797,2023-01-01T00:37:47
-2.557433,-4.447797,2023-01-01T00:37:48
-2.557433,-4.558992,2023-01-01T00:37:49
-2.557433,-4.558992,2023-01-01T00:37:50
-2.668626,-4.558992,2023-01-01T00:37:51
-2.668626,-4.558992,2023-01-01T00:37:52
-2.668626,-4.558992,2023-01-01T00:37:53
-2.668626,-4.670187,2023-01-01T00:37:54
-2.668626,-4.670187,2023-01-01T00:37:55
-2.668626,-4.670187,2023-01-01T00:37:56
-2.668626,-4.670187,2023-01-01T00:37:57
-2.668626,-4.670187,2023-01-01T00:37:58
-2.668626,-4.781382,2023-01-01T00:37:59
-2.668626,-4.781382,2023-01-01T00:38:00
-2.668626,-4.781382,2023-01-01T00:38:01
-2.668626,-4.781382,2023-01-01T00:38:02
-2.668626,-4.781382,2023-01-01T00:38:03
-2.668626,-4.781382,2023-01-01T00:38:04
-2.668626,-4.892577,2023-01-01T00:38:05
-2.668626,-4.892577,2023-01-01T00:38:06
-2.668626,-4.892577,2023-01-01T00:38:07
-2.668626,-4.892577,2023-01-01T00:38:08
-2.668626,-4.892577,2023-01-01T00:38:09
-2.668626,-4.892577,2023-01-01T00:38:10
-2.668626,-5.003772,2023-01-01T00:38:11
-2.668626,-5.003772,2023-01-01T00:38:12
-2.668626,-5.003772,2023-01-01T00:38:13
-2.668626,-5.003772,2023-01-01T00:38:14
-2.668626,-5.003772,2023-01-01T00:38:15
-2.779819,-5.003772,2023-01-01T00:38:16
-2.779819,-5.114967,2023-01-01T00:38:17
-2.779819,-5.114967,2023-01-01T00:38:18
-2.779819,-5.114967,2023-01-01T00:38:19
-2.779819,-5.114967,2023-01-01T00:38:20
-2.779819,-5.114967,2023-01-01T00:38:21
-2.779819,-5.114967,2023-01-01T00:38:22
-2.779819,-5.226162,2023-01-01T00:38:23
-2.779819,-5.226162,2023-01-01T00:38:24
-2.779819,-5.226162,2023-01-01T00:38:25
-2.779819,-5.226162,2023-01-01T00:38:26
-2.779819,-5.226162,2023-01-01T00:38:27
-2.779819,-5.226162,2023-01-01T00:38:28
-2.779819,-5.226162,2023-01-01T00:38:29
-2.779819,-5.337356,2023-01-01T00:38:30
-2.779819,-5.337356,2023-01-01T00:38:31
-2.779819,-5.337356,2023-01-01T00:38:32
-2.779819,-5.337356,2023-01-01T00:38:33
-2.779819,-5.337356,2023-01-01T00:38:34
-2.779819,-5.337356,2023-01-01T00:38:35
-2.779819,-5.448551,2023-01-01T00:38:36
-2.779819,-5.448551,2023-01-01T00:38:37
-2.779819,-5.448551,2023-01-01T00:38:38
-2.779819,-5.448551,2023-01-01T00:38:39
-2.779819,-5.448551,2023-01-01T00:38:40
-2.779819,-5.448551,2023-01-01T00:38:41
-2.779819,-5.448551,2023-01-01T00:38:42
-2.779819,-5.559746,2023-01-01T00:38:43
-2.779819,-5.559746,2023-01-01T00:38:44
-2.779819,-5.559746,2023-01-01T00:38:45
-2.779819,-5.559746,2023-01-01T00:38:46
-2.779819,-5.559746,2023-01-01T00:38:47
-2.779819,-5.559746,2023-01-01T00:38:48
-2.779819,-5.559746,2023-01-01T00:38:49
-2.779819,-5.559746,2023-01-01T00:38:50
-2.779819,-5.670941,2023-01-01T00:38:51
-2.779819,-5.670941,2023-01-01T00:38:52
-2.779819,-5.670941,2023-01-01T00:38:53
-2.779819,-5.670941,2023-01-01T00:38:54
-2.779819,-5.670941,2023-01-01T00:38:55
-2.779819,-5.670941,2023-01-01T00:38:56
-2.779819,-5.670941,2023-01-01T00:38:57
-2.779819,-5.670941,2023-01-01T00:38:58
-2.779819,-5.670941,2023-01-01T00:38:59
-2.779819,-5.782136,2023-01-01T00:39:00
-2.779819,-5.782136,2023-01-01T00:39:01
-2.779819,-5.782136,2023-01-01T00:39:02
-2.779819,-5.782136,2023-01-01T00:39:03
-2.779819,-5.782136,2023-01-01T00:39:04
-2.668626,-5.782136,2023-01-01T00:39:05
-2.668626,-5.782136,2023-01-01T00:39:06
-2.668626,-5.782136,2023-01-01T00:39:07
-2.668626,-5.782136,2023-01-01T00:39:08
-2.668626,-5.782136,2023-01-01T00:39:09
-2.668626,-5.782136,2023-01-01T00:39:10
-2.668626,-5.782136,2023-01-01T00:39:11
-2.668626,-5.782136,2023-01-01T00:39:12
-2.668626,-5.782136,2023-01-01T00:39:13
-2.668626,-5.782136,2023-01-01T00:39:14
-2.668626,-5.782136,2023-01-01T00:39:15
-2.668626,-5.782136,2023-01-01T00:39:16
-2.668626,-5.893331,2023-01-01T00:39:17
-2.668626,-5.893331,2023-01-01T00:39:18
-2.668626,-5.893331,2023-01-01T00:39:19
-2.668626,-5.893331,2023-01-01T00:39:20
-2.668626,-5.893331,2023-01-01T00:39:21
-2.668626,-5.893331,2023-01-01T00:39:22
-2.668626,-5.893331,2023-01-01T00:39:23
-2.668626,-5.893331,2023-01-01T00:39:24
-2.668626,-5.893331,2023-01-01T00:39:25
-2.668626,-5.893331,2023-01-01T00:39:26
-2.668626,-5.893331,2023-01-01T00:39:27
-2.668626,-5.893331,2023-01-01T00:39:28
-2.668626,-5.893331,2023-01-01T00:39:29
-2.668626,-5.893331,2023-01-01T00:39:30
-2.668626,-5.893331,2023-01-01T00:39:31
-2.557433,-5.893331,2023-01-01T00:39:32
-2.557433,-5.893331,2023-01-01T00:39:33
-2.557433,-5.893331,2023-01-01T00:39:34
-2.557433,-5.893331,2023-01-01T00:39:35
-2.557433,-5.893331,2023-01-01T00:39:36
-2.557433,-5.893331,2023-01-01T00:39:37
-2.557433,-5.893331,2023-01-01T00:39:38
-2.557433,-5.893331,2023-01-01T00:39:39
-2.557433,-5.893331,2023-01-01T00:39:40
-2.557433,-5.893331,2023-01-01T00:39:41
-2.557433,-5.893331,2023-01-01T00:39:42
-2.557433,-5.893331,2023-01-01T00:39:43
-2.557433,-5.893331,2023-01-01T00:39:44
-2.557433,-5.893331,2023-01-01T00:39:45
-2.557433,-5.893331,2023-01-01T00:39:46
-2.557433,-6.004526,2023-01-01T00:39:47
-2.557433,-6.004526,2023-01-01T00:39:48
-2.557433,-6.004526,2023-01-01T00:39:49
-2.557433,-6.004526,2023-01-01T00:39:50
-2.557433,-6.004526,2023-01-01T00:39:51
-2.557433,-6.004526,2023-01-01T00:39:52
-2.557433,-6.004526,2023-01-01T00:39:53
-2.557433,-6.004526,2023-01-01T00:39:54
-2.557433,-6.004526,2023-01-01T00:39:55
-2.557433,-6.004526,2023-01-01T00:39:56
-2.557433,-6.004526,2023-01-01T00:39:57
-2.557433,-6.004526,2023-01-01T00:39:58
-2.557433,-6.004526,2023-01-01T00:39:59
-2.557433,-6.004526,2023-01-01T00:40:00
-2.557433,-6.004526,2023-01-01T00:40:01
-2.557433,-6.004526,2023-01-01T00:40:02
-2.557433,-6.004526,2023-01-01T00:40:03
-2.557433,-6.004526,2023-01-01T00:40:04
-2.446240,-6.004526,2023-01-01T00:40:05
-2.446240,-6.004526,2023-01-01T00:40:06
-2.446240,-6.004526,2023-01-01T00:40:07
-2.446240,-6.004526,2023-01-01T00:40:08
-2.446240,-5.893331,2023-01-01T00:40:09
-2.446240,-5.893331,2023-01-01T00:40:10
-2.446240,-5.893331,2023-01-01T00:40:11
-2.446240,-5.893331,2023-01-01T00:40:12
-2.446240,-5.893331,2023-01-01T00:40:13
-2.446240,-5.893331,2023-01-01T00:40:14
-2.446240,-5.893331,2023-01-01T00:40:15
-2.446240,-5.893331,2023-01-01T00:40:16
-2.446240,-5.893331,2023-01-01T00:40:17
-2.446240,-5.893331,2023-01-01T00:40:18
-2.446240,-5.893331,2023-01-01T00:40:19
-2.446240,-5.893331,2023-01-01T00:40:20
-2.446240,-5.893331,2023-01-01T00:40:21
-2.446240,-5.893331,2023-01-01T00:40:22
-2.446240,-5.893331,2023-01-01T00:40:23
-2.446240,-5.893331,2023-01-01T00:40:24
-2.446240,-5.893331,2023-01-01T00:40:25
-2.446240,-5.893331,2023-01-01T00:40:26
-2.446240,-5.893331,2023-01-01T00:40:27
-2.446240,-5.893331,2023-01-01T00:40:28
-2.446240,-5.893331,2023-01-01T00:40:29
-2.446240,-5.893331,2023-01-01T00:40:30
-2.446240,-5.893331,2023-01-01T00:40:31
-2.335048,-5.893331,2023-01-01T00:40:32
-2.335048,-5.893331,2023-01-01T00:40:33
-2.335048,-5.893331,2023-01-01T00:40:34
-2.335048,-5.893331,2023-01-01T00:40:35
-2.335048,-5.893331,2023-01-01T00:40:36
-2.335048,-5.893331,2023-01-01T00:40:37
-2.335048,-5.893331,2023-01-01T00:40:38
-2.335048,-5.893331,2023-01-01T00:40:39
-2.335048,-6.004526,2023-01-01T00:40:40
-2.335048,-6.004526,2023-01-01T00:40:41
-2.335048,-6.004526,2023-01-01T00:40:42
-2.335048,-6.004526,2023-01-01T00:40:43
-2.335048,-6.004526,2023-01-01T00:40:44
-2.335048,-6.004526,2023-01-01T00:40:45
-2.335048,-6.004526,2023-01-01T00:40:46
-2.335048,-6.004526,2023-01-01T00:40:47
-2.335048,-6.004526,2023-01-01T00:40:48
-2.335048,-6.004526,2023-01-01T00:40:49
-2.335048,-6.004526,2023-01-01T00:40:50
-2.335048,-6.004526,2023-01-01T00:40:51
-2.335048,-6.004526,2023-01-01T00:40:52
-2.335048,-6.004526,2023-01-01T00:40:53
-2.335048,-6.004526,2023-01-01T00:40:54
-2.335048,-6.004526,2023-01-01T00:40:55
-2.335048,-6.004526,2023-01-01T00:40:56
-2.335048,-6.004526,2023-01-01T00:40:57
-2.223855,-6.004526,2023-01-01T00:40:58
-2.223855,-6.004526,2023-01-01T00:40:59
-2.223855,-6.004526,2023-01-01T00:41:00
-2.223855,-6.004526,2023-01-01T00:41:01
-2.223855,-6.004526,2023-01-01T00:41:02
-2.223855,-6.004526,2023-01-01T00:41:03
-2.223855,-6.004526,2023-01-01T00:41:04
-2.223855,-6.004526,2023-01-01T00:41:05
-2.223855,-6.004526,2023-01-01T00:41:06
-2.223855,-6.004526,2023-01-01T00:41:07
-2.223855,-6.004526,2023-01-01T00:41:08
-2.223855,-6.004526,2023-01-01T00:41:09
-2.223855,-6.004526,2023-01-01T00:41:10
-2.223855,-6.004526,2023-01-01T00:41:11
-2.223855,-6.004526,2023-01-01T00:41:12
-2.223855,-6.004526,2023-01-01T00:41:13
-2.223855,-6.115721,2023-01-01T00:41:14
-2.223855,-6.115721,2023-01-01T00:41:15
-2.112662,-6.115721,2023-01-01T00:41:16
-2.112662,-6.115721,2023-01-01T00:41:17
-2.112662,-6.115721,2023-01-01T00:41:18
-2.112662,-6.115721,2023-01-01T00:41:19
-2.112662,-6.115721,2023-01-01T00:41:20
-2.112662,-6.115721,2023-01-01T00:41:21
-2.112662,-6.115721,2023-01-01T00:41:22
-2.112662,-6.115721,2023-01-01T00:41:23
-2.112662,-6.115721,2023-01-01T00:41:24
-2.112662,-6.115721,2023-01-01T00:41:25
-2.112662,-6.115721,2023-01-01T00:41:26
-2.112662,-6.115721,2023-01-01T00:41:27
-2.112662,-6.115721,2023-01-01T00:41:28
-2.112662,-6.115721,2023-01-01T00:41:29
-2.112662,-6.115721,2023-01-01T00:41:30
-2.112662,-6.115721,2023-01-01T00:41:31
-2.112662,-6.115721,2023-01-01T00:41:32
-2.112662,-6.115721,2023-01-01T00:41:33
-2.112662,-6.115721,2023-01-01T00:41:34
-2.112662,-6.115721,2023-01-01T00:41:35
-2.112662,-6.115721,2023-01-01T00:41:36
-2.112662,-6.115721,2023-01-01T00:41:37
-2.112662,-6.226916,2023-01-01T00:41:38
-2.112662,-6.226916,2023-01-01T00:41:39
-2.112662,-6.226916,2023-01-01T00:41:40
-2.112662,-6.226916,2023-01-01T00:41:41
-2.112662,-6.226916,2023-01-01T00:41:42
-2.112662,-6.226916,2023-01-01T00:41:43
-2.112662,-6.226916,2023-01-01T00:41:44
-2.112662,-6.226916,2023-01-01T00:41:45
-2.112662,-6.226916,2023-01-01T00:41:46
-2.112662,-6.226916,2023-01-01T00:41:47
-2.112662,-6.226916,2023-01-01T00:41:48
-2.112662,-6.226916,2023-01-01T00:41:49
-2.112662,-6.226916,2023-01-01T00:41:50
-2.112662,-6.226916,2023-01-01T00:41:51
-2.112662,-6.226916,2023-01-01T00:41:52
-2.112662,-6.226916,2023-01-01T00:41:53
-2.112662,-6.226916,2023-01-01T00:41:54
-2.112662,-6.226916,2023-01-01T00:41:55
-2.112662,-6.226916,2023-01-01T00:41:56
-2.112662,-6.226916,2023-01-01T00:41:57
-2.112662,-6.226916,2023-01-01T00:41:58
-2.112662,-6.226916,2023-01-01T00:41:59
-2.112662,-6.226916,2023-01-01T00:42:00
-2.112662,-6.226916,2023-01-01T00:42:01
-2.112662,-6.226916,2023-01-01T00:42:02
-2.112662,-6.226916,2023-01-01T00:42:03
-2.112662,-6.226916,2023-01-01T00:42:04
-2.112662,-6.226916,2023-01-01T00:42:05
-2.112662,-6.226916,2023-01-01T00:42:06
-2.112662,-6.226916,2023-01-01T00:42:07
-2.112662,-6.226916,2023-01-01T00:42:08
-2.001469,-6.226916,2023-01-01T00:42:09
-2.001469,-6.226916,2023-01-01T00:42:10
-2.001469,-6.226916,2023-01-01T00:42:11
-2.001469,-6.226916,2023-01-01T00:42:12
-2.001469,-6.338111,2023-01-01T00:42:13
-2.001469,-6.338111,2023-01-01T00:42:14
-2.001469,-6.338111,2023-01-01T00:42:15
-2.001469,-6.338111,2023-01-01T00:42:16
-2.001469,-6.338111,2023-01-01T00:42:17
-2.001469,-6.338111,2023-01-01T00:42:18
-2.001469,-6.338111,2023-01-01T00:42:19
-2.001469,-6.338111,2023-01-01T00:42:20
-2.001469,-6.338111,2023-01-01T00:42:21
-2.001469,-6.338111,2023-01-01T00:42:22
-2.001469,-6.338111,2023-01-01T00:42:23
-2.001469,-6.338111,2023-01-01T00:42:24
-2.001469,-6.338111,2023-01-01T00:42:25
-2.001469,-6.338111,2023-01-01T00:42:26
-2.001469,-6.338111,2023-01-01T00:42:27
-2.001469,-6.338111,2023-01-01T00:42:28
-2.001469,-6.338111,2023-01-01T00:42:29
-2.001469,-6.338111,2023-01-01T00:42:30
-2.001469,-6.338111,2023-01-01T00:42:31
-2.001469,-6.338111,2023-01-01T00:42:32
-2.001469,-6.338111,2023-01-01T00:42:33
-2.001469,-6.338111,2023-01-01T00:42:34
-1.890277,-6.338111,2023-01-01T00:42:35
-1.890277,-6.338111,2023-01-01T00:42:36
-1.890277,-6.338111,2023-01-01T00:42:37
-1.890277,-6.338111,2023-01-01T00:42:38
-1.890277,-6.338111,2023-01-01T00:42:39
-1.890277,-6.338111,2023-01-01T00:42:40
-1.890277,-6.338111,2023-01-01T00:42:41
-1.890277,-6.338111,2023-01-01T00:42:42
-1.890277,-6.338111,2023-01-01T00:42:43
-1.890277,-6.338111,2023-01-01T00:42:44
-1.890277,-6.338111,2023-01-01T00:42:45
-1.890277,-6.338111,2023-01-01T00:42:46
-1.890277,-6.338111,2023-01-01T00:42:47
-1.890277,-6.338111,2023-01-01T00:42:48
-1.890277,-6.338111,2023-01-01T00:42:49
-1.779084,-6.338111,2023-01-01T00:42:50
-1.779084,-6.338111,2023-01-01T00:42:51
-1.779084,-6.338111,2023-01-01T00:42:52
-1.779084,-6.338111,2023-01-01T00:42:53
-1.779084,-6.338111,2023-01-01T00:42:54
-1.779084,-6.338111,2023-01-01T00:42:55
-1.779084,-6.338111,2023-01-01T00:42:56
-1.779084,-6.338111,2023-01-01T00:42:57
-1.779084,-6.338111,2023-01-01T00:42:58
-1.779084,-6.449306,2023-01-01T00:42:59
-1.779084,-6.449306,2023-01-01T00:43:00
-1.779084,-6.449306,2023-01-01T00:43:01
-1.779084,-6.449306,2023-01-01T00:43:02
-1.779084,-6.449306,2023-01-01T00:43:03
-1.779084,-6.449306,2023-01-01T00:43:04
-1.779084,-6.449306,2023-01-01T00:43:05
-1.779084,-6.449306,2023-01-01T00:43:06
-1.779084,-6.449306,2023-01-01T00:43:07
-1.779084,-6.449306,2023-01-01T00:43:08
-1.779084,-6.449306,2023-01-01T00:43:09
-1.779084,-6.449306,2023-01-01T00:43:10
-1.779084,-6.449306,2023-01-01T00:43:11
-1.667891,-6.449306,2023-01-01T00:43:12
-1.667891,-6.449306,2023-01-01T00:43:13
-1.667891,-6.449306,2023-01-01T00:43:14
-1.667891,-6.449306,2023-01-01T00:43:15
-1.667891,-6.449306,2023-01-01T00:43:16
-1.667891,-6.449306,2023-01-01T00:43:17
-1.667891,-6.449306,2023-01-01T00:43:18
-1.667891,-6.449306,2023-01-01T00:43:19
-1.667891,-6.449306,2023-01-01T00:43:20
-1.667891,-6.449306,2023-01-01T00:43:21
-1.667891,-6.560501,2023-01-01T00:43:22
-1.667891,-6.560501,2023-01-01T00:43:23
-1.667891,-6.560501,2023-01-01T00:43:24
-1.667891,-6.560501,2023-01-01T00:43:25
-1.667891,-6.560501,2023-01-01T00:43:26
-1.667891,-6.560501,2023-01-01T00:43:27
-1.667891,-6.560501,2023-01-01T00:43:28
-1.667891,-6.560501,2023-01-01T00:43:29
-1.667891,-6.560501,2023-01-01T00:43:30
-1.667891,-6.560501,2023-01-01T00:43:31
-1.667891,-6.560501,2023-01-01T00:43:32
-1.667891,-6.560501,2023-01-01T00:43:33
-1.667891,-6.560501,2023-01-01T00:43:34
-1.667891,-6.560501,2023-01-01T00:43:35
-1.556698,-6.560501,2023-01-01T00:43:36
-1.556698,-6.560501,2023-01-01T00:43:37
-1.556698,-6.560501,2023-01-01T00:43:38
-1.556698,-6.671696,2023-01-01T00:43:39
-1.556698,-6.671696,2023-01-01T00:43:40
-1.556698,-6.671696,2023-01-01T00:43:41
-1.556698,-6.671696,2023-01-01T00:43:42
-1.556698,-6.671696,2023-01-01T00:43:43
-1.556698,-6.671696,2023-01-01T00:43:44
-1.556698,-6.671696,2023-01-01T00:43:45
-1.556698,-6.671696,2023-01-01T00:43:46
-1.556698,-6.671696,2023-01-01T00:43:47
-1.556698,-6.671696,2023-01-01T00:43:48
-1.556698,-6.671696,2023-01-01T00:43:49
-1.556698,-6.671696,2023-01-01T00:43:50
-1.556698,-6.671696,2023-01-01T00:43:51
-1.556698,-6.671696,2023-01-01T00:43:52
-1.556698,-6.671696,2023-01-01T00:43:53
-1.556698,-6.671696,2023-01-01T00:43:54
-1.556698,-6.671696,2023-01-01T00:43:55
-1.556698,-6.671696,2023-01-01T00:43:56
-1.556698,-6.671696,2023-01-01T00:43:57
-1.556698,-6.671696,2023-01-01T00:43:58
-1.556698,-6.671696,2023-01-01T00:43:59
-1.556698,-6.671696,2023-01-01T00:44:00
-1.556698,-6.671696,2023-01-01T00:44:01
-1.556698,-6.671696,2023-01-01T00:44:02
-1.556698,-6.671696,2023-01-01T00:44:03
-1.556698,-6.671696,2023-01-01T00:44:04
-1.556698,-6.671696,2023-01-01T00:44:05
-1.556698,-6.671696,2023-01-01T00:44:06
-1.556698,-6.782891,2023-01-01T00:44:07
-1.556698,-6.782891,2023-01-01T00:44:08
-1.556698,-6.782891,2023-01-01T00:44:09
-1.556698,-6.782891,2023-01-01T00:44:10
-1.445506,-6.782891,2023-01-01T00:44:11
-1.445506,-6.782891,2023-01-01T00:44:12
-1.445506,-6.782891,2023-01-01T00:44:13
-1.445506,-6.782891,2023-01-01T00:44:14
-1.445506,-6.782891,2023-01-01T00:44:15
-1.445506,-6.782891,2023-01-01T00:44:16
-1.445506,-6.782891,2023-01-01T00:44:17
-1.445506,-6.782891,2023-01-01T00:44:18
-1.445506,-6.782891,2023-01-01T00:44:19
-1.445506,-6.782891,2023-01-01T00:44:20
-1.445506,-6.782891,2023-01-01T00:44:21
-1.445506,-6.782891,2023-01-01T00:44:22
-1.445506,-6.782891,2023-01-01T00:44:23
-1.445506,-6.782891,2023-01-01T00:44:24
-1.445506,-6.782891,2023-01-01T00:44:25
-1.445506,-6.782891,2023-01-01T00:44:26
-1.445506,-6.782891,2023-01-01T00:44:27
-1.445506,-6.782891,2023-01-01T00:44:28
-1.445506,-6.671696,2023-01-01T00:44:29
-1.445506,-6.671696,2023-01-01T00:44:30
-1.334313,-6.671696,2023-01-01T00:44:31
-1.334313,-6.671696,2023-01-01T00:44:32
-1.334313,-6.671696,2023-01-01T00:44:33
-1.334313,-6.671696,2023-01-01T00:44:34
-1.334313,-6.671696,2023-01-01T00:44:35
-1.334313,-6.671696,2023-01-01T00:44:36
-1.334313,-6.671696,2023-01-01T00:44:37
-1.334313,-6.671696,2023-01-01T00:44:38
-1.334313,-6.560501,2023-01-01T00:44:39
-1.334313,-6.560501,2023-01-01T00:44:40
-1.334313,-6.560501,2023-01-01T00:44:41
-1.334313,-6.560501,2023-01-01T00:44:42
-1.334313,-6.560501,2023-01-01T00:44:43
-1.334313,-6.449306,2023-01-01T00:44:44
-1.223120,-6.449306,2023-01-01T00:44:45
-1.223120,-6.449306,2023-01-01T00:44:46
-1.223120,-6.449306,2023-01-01T00:44:47
-1.223120,-6.449306,2023-01-01T00:44:48
-1.223120,-6.338111,2023-01-01T00:44:49
-1.223120,-6.338111,2023-01-01T00:44:50
-1.223120,-6.338111,2023-01-01T00:44:51
-1.223120,-6.338111,2023-01-01T00:44:52
-1.223120,-6.226916,2023-01-01T00:44:53
-1.223120,-6.226916,2023-01-01T00:44:54
-1.223120,-6.226916,2023-01-01T00:44:55
-1.223120,-6.115721,2023-01-01T00:44:56
-1.223120,-6.115721,2023-01-01T00:44:57
-1.223120,-6.115721,2023-01-01T00:44:58
-1.223120,-6.004526,2023-01-01T00:44:59
-1.223120,-6.004526,2023-01-01T00:45:00
-1.223120,-6.004526,2023-01-01T00:45:01
-1.223120,-5.893331,2023-01-01T00:45:02
-1.223120,-5.893331,2023-01-01T00:45:03
-1.223120,-5.893331,2023-01-01T00:45:04
-1.111927,-5.782136,2023-01-01T00:45:05
-1.111927,-5.782136,2023-01-01T00:45:06
-1.111927,-5.670941,2023-01-01T00:45:07
-1.111927,-5.670941,2023-01-01T00:45:08
-1.111927,-5.670941,2023-01-01T00:45:09
-1.111927,-5.559746,2023-01-01T00:45:10
-1.111927,-5.559746,2023-01-01T00:45:11
-1.111927,-5.559746,2023-01-01T00:45:12
-1.111927,-5.448551,2023-01-01T00:45:13
-1.111927,-5.448551,2023-01-01T00:45:14
-1.111927,-5.448551,2023-01-01T00:45:15
-1.111927,-5.337356,2023-01-01T00:45:16
-1.111927,-5.337356,2023-01-01T00:45:17
-1.111927,-5.337356,2023-01-01T00:45:18
-1.111927,-5.337356,2023-01-01T00:45:19
-1.111927,-5.226162,2023-01-01T00:45:20
-1.111927,-5.226162,2023-01-01T00:45:21
-1.111927,-5.226162,2023-01-01T00:45:22
-1.111927,-5.114967,2023-01-01T00:45:23
-1.111927,-5.114967,2023-01-01T00:45:24
-1.111927,-5.114967,2023-01-01T00:45:25
-1.000735,-5.114967,2023-01-01T00:45:26
-1.000735,-5.003772,2023-01-01T00:45:27
-1.000735,-5.003772,2023-01-01T00:45:28
-1.000735,-5.003772,2023-01-01T00:45:29
-1.000735,-5.003772,2023-01-01T00:45:30
-1.000735,-4.892577,2023-01-01T00:45:31
-1.000735,-4.892577,2023-01-01T00:45:32
-1.000735,-4.892577,2023-01-01T00:45:33
-1.000735,-4.892577,2023-01-01T00:45:34
-1.000735,-4.781382,2023-01-01T00:45:35
-1.000735,-4.781382,2023-01-01T00:45:36
-1.000735,-4.781382,2023-01-01T00:45:37
-1.000735,-4.781382,2023-01-01T00:45:38
-1.000735,-4.781382,2023-01-01T00:45:39
-1.000735,-4.670187,2023-01-01T00:45:40
-1.000735,-4.670187,2023-01-01T00:45:41
-1.000735,-4.670187,2023-01-01T00:45:42
-1.000735,-4.670187,2023-01-01T00:45:43
-1.000735,-4.558992,2023-01-01T00:45:44
-1.000735,-4.558992,2023-01-01T00:45:45
-0.889542,-4.558992,2023-01-01T00:45:46
-0.889542,-4.558992,2023-01-01T00:45:47
-0.889542,-4.558992,2023-01-01T00:45:48
-0.889542,-4.447797,2023-01-01T00:45:49
-0.889542,-4.447797,2023-01-01T00:45:50
-0.889542,-4.447797,2023-01-01T00:45:51
-0.889542,-4.447797,2023-01-01T00:45:52
-0.889542,-4.447797,2023-01-01T00:45:53
-0.889542,-4.447797,2023-01-01T00:45:54
-0.778349,-4.447797,2023-01-01T00:45:55
-0.778349,-4.336602,2023-01-01T00:45:56
-0.778349,-4.336602,2023-01-01T00:45:57
-0.778349,-4.336602,2023-01-01T00:45:58
-0.778349,-4.336602,2023-01-01T00:45:59
-0.778349,-4.336602,2023-01-01T00:46:00
-0.778349,-4.336602,2023-01-01T00:46:01
-0.778349,-4.336602,2023-01-01T00:46:02
-0.778349,-4.225407,2023-01-01T00:46:03
-0.667156,-4.225407,2023-01-01T00:46:04
-0.667156,-4.225407,2023-01-01T00:46:05
-0.667156,-4.225407,2023-01-01T00:46:06
-0.667156,-4.225407,2023-01-01T00:46:07
-0.667156,-4.225407,2023-01-01T00:46:08
-0.667156,-4.225407,2023-01-01T00:46:09
-0.667156,-4.225407,2023-01-01T00:46:10
-0.667156,-4.114212,2023-01-01T00:46:11
-0.667156,-4.114212,2023-01-01T00:46:12
-0.667156,-4.114212,2023-01-01T00:46:13
-0.667156,-4.114212,2023-01-01T00:46:14
-0.555964,-4.114212,2023-01-01T00:46:15
-0.555964,-4.114212,2023-01-01T00:46:16
-0.555964,-4.114212,2023-01-01T00:46:17
-0.555964,-4.114212,2023-01-01T00:46:18
-0.555964,-4.003017,2023-01-01T00:46:19
-0.555964,-4.003017,2023-01-01T00:46:20
-0.555964,-4.003017,2023-01-01T00:46:21
-0.555964,-4.003017,2023-01-01T00:46:22
-0.555964,-4.003017,2023-01-01T00:46:23
-0.555964,-4.003017,2023-01-01T00:46:24
-0.555964,-4.003017,2023-01-01T00:46:25
-0.555964,-4.003017,2023-01-01T00:46:26
-0.555964,-4.003017,2023-01-01T00:46:27
-0.555964,-3.891822,2023-01-01T00:46:28
-0.555964,-3.891822,2023-01-01T00:46:29
-0.555964,-3.891822,2023-01-01T00:46:30
-0.555964,-3.891822,2023-01-01T00:46:31
-0.555964,-3.891822,2023-01-01T00:46:32
-0.555964,-3.891822,2023-01-01T00:46:33
-0.555964,-3.891822,2023-01-01T00:46:34
-0.555964,-3.891822,2023-01-01T00:46:35
-0.555964,-3.780628,2023-01-01T00:46:36
-0.555964,-3.780628,2023-01-01T00:46:37
-0.555964,-3.780628,2023-01-01T00:46:38
-0.555964,-3.780628,2023-01-01T00:46:39
-0.555964,-3.780628,2023-01-01T00:46:40
-0.555964,-3.780628,2023-01-01T00:46:41
-0.555964,-3.780628,2023-01-01T00:46:42
-0.555964,-3.780628,2023-01-01T00:46:43
-0.555964,-3.780628,2023-01-01T00:46:44
-0.555964,-3.780628,2023-01-01T00:46:45
-0.667156,-3.669433,2023-01-01T00:46:46
-0.667156,-3.669433,2023-01-01T00:46:47
-0.667156,-3.669433,2023-01-01T00:46:48
-0.667156,-3.669433,2023-01-01T00:46:49
-0.667156,-3.669433,2023-01-01T00:46:50
-0.667156,-3.669433,2023-01-01T00:46:51
-0.667156,-3.669433,2023-01-01T00:46:52
-0.667156,-3.669433,2023-01-01T00:46:53
-0.667156,-3.669433,2023-01-01T00:46:54
-0.667156,-3.669433,2023-01-01T00:46:55
-0.667156,-3.669433,2023-01-01T00:46:56
-0.667156,-3.558238,2023-01-01T00:46:57
-0.667156,-3.558238,2023-01-01T00:46:58
-0.667156,-3.558238,2023-01-01T00:46:59
-0.667156,-3.558238,2023-01-01T00:47:00
-0.667156,-3.558238,2023-01-01T00:47:01
-0.667156,-3.558238,2023-01-01T00:47:02
-0.667156,-3.558238,2023-01-01T00:47:03
-0.667156,-3.558238,2023-01-01T00:47:04
-0.667156,-3.558238,2023-01-01T00:47:05
-0.667156,-3.558238,2023-01-01T00:47:06
-0.667156,-3.558238,2023-01-01T00:47:07
-0.667156,-3.558238,2023-01-01T00:47:08
-0.667156,-3.558238,2023-01-01T00:47:09
-0.667156,-3.558238,2023-01-01T00:47:10
-0.667156,-3.558238,2023-01-01T00:47:11
-0.667156,-3.447043,2023-01-01T00:47:12
-0.667156,-3.447043,2023-01-01T00:47:13
-0.667156,-3.447043,2023-01-01T00:47:14
-0.667156,-3.447043,2023-01-01T00:47:15
-0.667156,-3.447043,2023-01-01T00:47:16
-0.667156,-3.447043,2023-01-01T00:47:17
-0.667156,-3.447043,2023-01-01T00:47:18
-0.555964,-3.447043,2023-01-01T00:47:19
-0.555964,-3.447043,2023-01-01T00:47:20
-0.555964,-3.447043,2023-01-01T00:47:21
-0.555964,-3.447043,2023-01-01T00:47:22
-0.555964,-3.447043,2023-01-01T00:47:23
-0.555964,-3.447043,2023-01-01T00:47:24
-0.555964,-3.447043,2023-01-01T00:47:25
-0.555964,-3.447043,2023-01-01T00:47:26
-0.555964,-3.447043,2023-01-01T00:47:27
-0.555964,-3.447043,2023-01-01T00:47:28
-0.555964,-3.447043,2023-01-01T00:47:29
-0.555964,-3.447043,2023-01-01T00:47:30
-0.555964,-3.447043,2023-01-01T00:47:31
-0.555964,-3.447043,2023-01-01T00:47:32
-0.555964,-3.447043,2023-01-01T00:47:33
-0.555964,-3.447043,2023-01-01T00:47:34
-0.555964,-3.447043,2023-01-01T00:47:35
-0.555964,-3.447043,2023-01-01T00:47:36
-0.555964,-3.447043,2023-01-01T00:47:37
-0.555964,-3.447043,2023-01-01T00:47:38
-0.555964,-3.447043,2023-01-01T00:47:39
-0.555964,-3.447043,2023-01-01T00:47:40
-0.555964,-3.447043,2023-01-01T00:47:41
-0.555964,-3.447043,2023-01-01T00:47:42
-0.444771,-3.447043,2023-01-01T00:47:43
-0.444771,-3.447043,2023-01-01T00:47:44
-0.444771,-3.447043,2023-01-01T00:47:45
-0.444771,-3.447043,2023-01-01T00:47:46
-0.444771,-3.447043,2023-01-01T00:47:47
-0.444771,-3.447043,2023-01-01T00:47:48
-0.444771,-3.447043,2023-01-01T00:47:49
-0.444771,-3.447043,2023-01-01T00:47:50
-0.444771,-3.447043,2023-01-01T00:47:51
-0.444771,-3.447043,2023-01-01T00:47:52
-0.444771,-3.447043,2023-01-01T00:47:53
-0.444771,-3.447043,2023-01-01T00:47:54
-0.444771,-3.447043,2023-01-01T00:47:55
-0.444771,-3.447043,2023-01-01T00:47:56
-0.444771,-3.447043,2023-01-01T00:47:57
-0.444771,-3.447043,2023-01-01T00:47:58
-0.444771,-3.447043,2023-01-01T00:47:59
-0.333578,-3.447043,2023-01-01T00:48:00
-0.333578,-3.447043,2023-01-01T00:48:01
-0.333578,-3.447043,2023-01-01T00:48:02
-0.333578,-3.447043,2023-01-01T00:48:03
-0.333578,-3.447043,2023-01-01T00:48:04
-0.333578,-3.447043,2023-01-01T00:48:05
-0.333578,-3.447043,2023-01-01T00:48:06
-0.333578,-3.447043,2023-01-01T00:48:07
-0.333578,-3.447043,2023-01-01T00:48:08
-0.333578,-3.447043,2023-01-01T00:48:09
-0.333578,-3.335848,2023-01-01T00:48:10
-0.333578,-3.335848,2023-01-01T00:48:11
-0.333578,-3.335848,2023-01-01T00:48:12
-0.333578,-3.335848,2023-01-01T00:48:13
-0.333578,-3.335848,2023-01-01T00:48:14
-0.333578,-3.335848,2023-01-01T00:48:15
-0.333578,-3.335848,2023-01-01T00:48:16
-0.333578,-3.335848,2023-01-01T00:48:17
-0.222385,-3.335848,2023-01-01T00:48:18
-0.222385,-3.335848,2023-01-01T00:48:19
-0.333578,-3.335848,2023-01-01T00:48:20
-0.333578,-3.335848,2023-01-01T00:48:21
-0.333578,-3.335848,2023-01-01T00:48:22
-0.333578,-3.335848,2023-01-01T00:48:23
-0.333578,-3.335848,2023-01-01T00:48:24
-0.333578,-3.335848,2023-01-01T00:48:25
-0.333578,-3.447043,2023-01-01T00:48:26
-0.333578,-3.447043,2023-01-01T00:48:27
-0.333578,-3.447043,2023-01-01T00:48:28
-0.333578,-3.447043,2023-01-01T00:48:29
-0.333578,-3.447043,2023-01-01T00:48:30
-0.333578,-3.447043,2023-01-01T00:48:31
-0.333578,-3.447043,2023-01-01T00:48:32
-0.333578,-3.447043,2023-01-01T00:48:33
-0.333578,-3.447043,2023-01-01T00:48:34
-0.333578,-3.447043,2023-01-01T00:48:35
-0.333578,-3.447043,2023-01-01T00:48:36
-0.444771,-3.447043,2023-01-01T00:48:37
-0.444771,-3.447043,2023-01-01T00:48:38
-0.444771,-3.447043,2023-01-01T00:48:39
-0.444771,-3.447043,2023-01-01T00:48:40
-0.444771,-3.447043,2023-01-01T00:48:41
-0.444771,-3.447043,2023-01-01T00:48:42
-0.444771,-3.447043,2023-01-01T00:48:43
-0.444771,-3.447043,2023-01-01T00:48:44
-0.444771,-3.447043,2023-01-01T00:48:45
-0.444771,-3.447043,2023-01-01T00:48:46
-0.444771,-3.447043,2023-01-01T00:48:47
-0.444771,-3.447043,2023-01-01T00:48:48
-0.444771,-3.447043,2023-01-01T00:48:49
-0.444771,-3.447043,2023-01-01T00:48:50
-0.444771,-3.447043,2023-01-01T00:48:51
-0.444771,-3.447043,2023-01-01T00:48:52
-0.444771,-3.447043,2023-01-01T00:48:53
-0.444771,-3.447043,2023-01-01T00:48:54
-0.444771,-3.447043,2023-01-01T00:48:55
-0.444771,-3.558238,2023-01-01T00:48:56
-0.444771,-3.558238,2023-01-01T00:48:57
-0.444771,-3.558238,2023-01-01T00:48:58
-0.444771,-3.558238,2023-01-01T00:48:59
-0.444771,-3.558238,2023-01-01T00:49:00
-0.444771,-3.558238,2023-01-01T00:49:01
-0.444771,-3.558238,2023-01-01T00:49:02
-0.444771,-3.558238,2023-01-01T00:49:03
-0.555964,-3.558238,2023-01-01T00:49:04
-0.555964,-3.558238,2023-01-01T00:49:05
-0.555964,-3.558238,2023-01-01T00:49:06
-0.555964,-3.558238,2023-01-01T00:49:07
-0.555964,-3.558238,2023-01-01T00:49:08
-0.555964,-3.558238,2023-01-01T00:49:09
-0.555964,-3.558238,2023-01-01T00:49:10
-0.555964,-3.558238,2023-01-01T00:49:11
-0.555964,-3.558238,2023-01-01T00:49:12
-0.555964,-3.558238,2023-01-01T00:49:13
-0.555964,-3.558238,2023-01-01T00:49:14
-0.555964,-3.558238,2023-01-01T00:49:15
-0.555964,-3.558238,2023-01-01T00:49:16
-0.555964,-3.558238,2023-01-01T00:49:17
-0.555964,-3.558238,2023-01-01T00:49:18
-0.555964,-3.558238,2023-01-01T00:49:19
-0.555964,-3.558238,2023-01-01T00:49:20
-0.555964,-3.558238,2023-01-01T00:49:21
-0.555964,-3.558238,2023-01-01T00:49:22
-0.555964,-3.558238,2023-01-01T00:49:23
-0.555964,-3.558238,2023-01-01T00:49:24
-0.555964,-3.558238,2023-01-01T00:49:25
-0.555964,-3.558238,2023-01-01T00:49:26
-0.555964,-3.558238,2023-01-01T00:49:27
-0.555964,-3.558238,2023-01-01T00:49:28
-0.555964,-3.558238,2023-01-01T00:49:29
-0.555964,-3.558238,2023-01-01T00:49:30
-0.555964,-3.558238,2023-01-01T00:49:31
-0.667156,-3.558238,2023-01-01T00:49:32
-0.667156,-3.558238,2023-01-01T00:49:33
-0.667156,-3.558238,2023-01-01T00:49:34
-0.667156,-3.558238,2023-01-01T00:49:35
-0.667156,-3.558238,2023-01-01T00:49:36
-0.667156,-3.558238,2023-01-01T00:49:37
-0.667156,-3.558238,2023-01-01T00:49:38
-0.667156,-3.558238,2023-01-01T00:49:39
-0.667156,-3.558238,2023-01-01T00:49:40
-0.667156,-3.558238,2023-01-01T00:49:41
-0.667156,-3.558238,2023-01-01T00:49:42
-0.667156,-3.558238,2023-01-01T00:49:43
-0.667156,-3.558238,2023-01-01T00:49:44
-0.667156,-3.558238,2023-01-01T00:49:45
-0.667156,-3.558238,2023-01-01T00:49:46
-0.667156,-3.558238,2023-01-01T00:49:47
-0.667156,-3.558238,2023-01-01T00:49:48
-0.667156,-3.558238,2023-01-01T00:49:49
-0.667156,-3.558238,2023-01-01T00:49:50
-0.667156,-3.669433,2023-01-01T00:49:51
-0.667156,-3.669433,2023-01-01T00:49:52
-0.667156,-3.669433,2023-01-01T00:49:53
-0.667156,-3.669433,2023-01-01T00:49:54
-0.667156,-3.669433,2023-01-01T00:49:55
-0.667156,-3.669433,2023-01-01T00:49:56
-0.667156,-3.669433,2023-01-01T00:49:57
-0.667156,-3.669433,2023-01-01T00:49:58
-0.667156,-3.669433,2023-01-01T00:49:59
-0.778349,-3.669433,2023-01-01T00:50:00
-0.778349,-3.669433,2023-01-01T00:50:01
-0.778349,-3.669433,2023-01-01T00:50:02
-0.778349,-3.669433,2023-01-01T00:50:03
-0.778349,-3.669433,2023-01-01T00:50:04
-0.778349,-3.669433,2023-01-01T00:50:05
-0.778349,-3.669433,2023-01-01T00:50:06
-0.778349,-3.669433,2023-01-01T00:50:07
-0.778349,-3.669433,2023-01-01T00:50:08
-0.778349,-3.669433,2023-01-01T00:50:09
-0.778349,-3.669433,2023-01-01T00:50:10
-0.778349,-3.669433,2023-01-01T00:50:11
-0.889542,-3.669433,2023-01-01T00:50:12
-0.889542,-3.669433,2023-01-01T00:50:13
-0.889542,-3.669433,2023-01-01T00:50:14
-0.889542,-3.669433,2023-01-01T00:50:15
-0.889542,-3.780628,2023-01-01T00:50:16
-0.889542,-3.780628,2023-01-01T00:50:17
-0.889542,-3.780628,2023-01-01T00:50:18
-0.889542,-3.780628,2023-01-01T00:50:19
-0.889542,-3.780628,2023-01-01T00:50:20
-1.000735,-3.780628,2023-01-01T00:50:21
-1.000735,-3.780628,2023-01-01T00:50:22
-1.000735,-3.780628,2023-01-01T00:50:23
-1.000735,-3.780628,2023-01-01T00:50:24
-1.000735,-3.780628,2023-01-01T00:50:25
-1.000735,-3.780628,2023-01-01T00:50:26
-1.000735,-3.780628,2023-01-01T00:50:27
-1.000735,-3.780628,2023-01-01T00:50:28
-1.111927,-3.780628,2023-01-01T00:50:29
-1.111927,-3.780628,2023-01-01T00:50:30
-1.111927,-3.780628,2023-01-01T00:50:31
-1.111927,-3.780628,2023-01-01T00:50:32
-1.111927,-3.780628,2023-01-01T00:50:33
-1.111927,-3.780628,2023-01-01T00:50:34
-1.111927,-3.780628,2023-01-01T00:50:35
-1.111927,-3.780628,2023-01-01T00:50:36
-1.111927,-3.780628,2023-01-01T00:50:37
-1.111927,-3.780628,2023-01-01T00:50:38
-1.223120,-3.780628,2023-01-01T00:50:39
-1.223120,-3.780628,2023-01-01T00:50:40
-1.223120,-3.780628,2023-01-01T00:50:41
-1.223120,-3.780628,2023-01-01T00:50:42
-1.223120,-3.780628,2023-01-01T00:50:43
-1.223120,-3.780628,2023-01-01T00:50:44
-1.223120,-3.780628,2023-01-01T00:50:45
-1.223120,-3.780628,2023-01-01T00:50:46
-1.223120,-3.780628,2023-01-01T00:50:47
-1.223120,-3.780628,2023-01-01T00:50:48
-1.223120,-3.780628,2023-01-01T00:50:49
-1.223120,-3.780628,2023-01-01T00:50:50
-1.334313,-3.780628,2023-01-01T00:50:51
-1.334313,-3.780628,2023-01-01T00:50:52
-1.334313,-3.780628,2023-01-01T00:50:53
-1.334313,-3.780628,2023-01-01T00:50:54
-1.334313,-3.780628,2023-01-01T00:50:55
-1.334313,-3.780628,2023-01-01T00:50:56
-1.334313,-3.780628,2023-01-01T00:50:57
-1.334313,-3.780628,2023-01-01T00:50:58
-1.334313,-3.780628,2023-01-01T00:50:59
-1.334313,-3.780628,2023-01-01T00:51:00
-1.334313,-3.780628,2023-01-01T00:51:01
-1.445506,-3.780628,2023-01-01T00:51:02
-1.445506,-3.780628,2023-01-01T00:51:03
-1.445506,-3.780628,2023-01-01T00:51:04
-1.445506,-3.780628,2023-01-01T00:51:05
-1.445506,-3.780628,2023-01-01T00:51:06
-1.445506,-3.780628,2023-01-01T00:51:07
-1.445506,-3.780628,2023-01-01T00:51:08
-1.445506,-3.780628,2023-01-01T00:51:09
-1.445506,-3.780628,2023-01-01T00:51:10
-1.445506,-3.780628,2023-01-01T00:51:11
-1.445506,-3.780628,2023-01-01T00:51:12
-1.445506,-3.780628,2023-01-01T00:51:13
-1.445506,-3.780628,2023-01-01T00:51:14
-1.556698,-3.780628,2023-01-01T00:51:15
-1.556698,-3.780628,2023-01-01T00:51:16
-1.556698,-3.891822,2023-01-01T00:51:17
-1.556698,-3.891822,2023-01-01T00:51:18
-1.556698,-3.891822,2023-01-01T00:51:19
-1.556698,-3.891822,2023-01-01T00:51:20
-1.445506,-3.891822,2023-01-01T00:51:21
-1.445506,-3.891822,2023-01-01T00:51:22
-1.445506,-3.891822,2023-01-01T00:51:23
-1.445506,-3.891822,2023-01-01T00:51:24
-1.445506,-3.891822,2023-01-01T00:51:25
-1.445506,-3.891822,2023-01-01T00:51:26
-1.445506,-3.891822,2023-01-01T00:51:27
-1.445506,-3.891822,2023-01-01T00:51:28
-1.445506,-3.891822,2023-01-01T00:51:29
-1.445506,-3.891822,2023-01-01T00:51:30
-1.445506,-3.891822,2023-01-01T00:51:31
-1.445506,-3.891822,2023-01-01T00:51:32
-1.445506,-3.891822,2023-01-01T00:51:33
-1.445506,-3.891822,2023-01-01T00:51:34
-1.445506,-3.891822,2023-01-01T00:51:35
-1.445506,-3.891822,2023-01-01T00:51:36
-1.445506,-3.891822,2023-01-01T00:51:37
-1.445506,-3.891822,2023-01-01T00:51:38
-1.445506,-3.891822,2023-01-01T00:51:39
-1.445506,-3.891822,2023-01-01T00:51:40
-1.334313,-3.891822,2023-01-01T00:51:41
-1.334313,-3.891822,2023-01-01T00:51:42
-1.334313,-3.891822,2023-01-01T00:51:43
-1.334313,-3.891822,2023-01-01T00:51:44
-1.334313,-3.891822,2023-01-01T00:51:45
-1.334313,-3.891822,2023-01-01T00:51:46
-1.334313,-3.891822,2023-01-01T00:51:47
-1.334313,-3.891822,2023-01-01T00:51:48
-1.334313,-3.891822,2023-01-01T00:51:49
-1.334313,-3.891822,2023-01-01T00:51:50
-1.334313,-3.891822,2023-01-01T00:51:51
-1.334313,-3.891822,2023-01-01T00:51:52
-1.223120,-3.891822,2023-01-01T00:51:53
-1.223120,-3.891822,2023-01-01T00:51:54
-1.223120,-3.891822,2023-01-01T00:51:55
-1.223120,-3.891822,2023-01-01T00:51:56
-1.223120,-3.891822,2023-01-01T00:51:57
-1.223120,-3.891822,2023-01-01T00:51:58
-1.223120,-3.891822,2023-01-01T00:51:59
-1.111927,-3.891822,2023-01-01T00:52:00
-1.111927,-3.891822,2023-01-01T00:52:01
-1.111927,-3.891822,2023-01-01T00:52:02
-1.111927,-3.891822,2023-01-01T00:52:03
-1.111927,-3.891822,2023-01-01T00:52:04
-1.111927,-3.891822,2023-01-01T00:52:05
-1.111927,-3.891822,2023-01-01T00:52:06
-1.111927,-3.891822,2023-01-01T00:52:07
-1.111927,-3.891822,2023-01-01T00:52:08
-1.000735,-3.891822,2023-01-01T00:52:09
-1.000735,-3.891822,2023-01-01T00:52:10
-1.000735,-3.891822,2023-01-01T00:52:11
-1.000735,-3.891822,2023-01-01T00:52:12
-1.000735,-3.891822,2023-01-01T00:52:13
-1.000735,-3.891822,2023-01-01T00:52:14
-1.000735,-3.891822,2023-01-01T00:52:15
-1.000735,-3.891822,2023-01-01T00:52:16
-1.000735,-3.891822,2023-01-01T00:52:17
-0.889542,-3.891822,2023-01-01T00:52:18
-0.889542,-3.891822,2023-01-01T00:52:19
-0.889542,-3.891822,2023-01-01T00:52:20
-0.889542,-3.891822,2023-01-01T00:52:21
-0.889542,-3.891822,2023-01-01T00:52:22
-0.889542,-3.891822,2023-01-01T00:52:23
-0.889542,-3.891822,2023-01-01T00:52:24
-0.889542,-3.891822,2023-01-01T00:52:25
-0.889542,-3.891822,2023-01-01T00:52:26
-0.889542,-3.891822,2023-01-01T00:52:27
-0.889542,-3.891822,2023-01-01T00:52:28
-0.778349,-3.891822,2023-01-01T00:52:29
-0.778349,-3.891822,2023-01-01T00:52:30
-0.778349,-3.891822,2023-01-01T00:52:31
-0.778349,-3.891822,2023-01-01T00:52:32
-0.778349,-3.891822,2023-01-01T00:52:33
-0.778349,-3.891822,2023-01-01T00:52:34
-0.778349,-3.891822,2023-01-01T00:52:35
-0.778349,-3.891822,2023-01-01T00:52:36
-0.778349,-4.003017,2023-01-01T00:52:37
-0.778349,-4.003017,2023-01-01T00:52:38
-0.778349,-4.003017,2023-01-01T00:52:39
-0.778349,-4.003017,2023-01-01T00:52:40
-0.778349,-4.003017,2023-01-01T00:52:41
-0.778349,-4.003017,2023-01-01T00:52:42
-0.778349,-4.003017,2023-01-01T00:52:43
-0.667156,-4.003017,2023-01-01T00:52:44
-0.667156,-4.003017,2023-01-01T00:52:45
-0.667156,-4.003017,2023-01-01T00:52:46
-0.667156,-4.003017,2023-01-01T00:52:47
-0.667156,-4.003017,2023-01-01T00:52:48
-0.667156,-4.003017,2023-01-01T00:52:49
-0.667156,-4.003017,2023-01-01T00:52:50
-0.667156,-4.003017,2023-01-01T00:52:51
-0.667156,-4.003017,2023-01-01T00:52:52
-0.667156,-4.003017,2023-01-01T00:52:53
-0.667156,-4.003017,2023-01-01T00:52:54
-0.667156,-4.003017,2023-01-01T00:52:55
-0.667156,-4.003017,2023-01-01T00:52:56
-0.667156,-4.003017,2023-01-01T00:52:57
-0.667156,-4.003017,2023-01-01T00:52:58
-0.667156,-3.891822,2023-01-01T00:52:59
-0.667156,-3.891822,2023-01-01T00:53:00
-0.667156,-3.891822,2023-01-01T00:53:01
-0.667156,-3.891822,2023-01-01T00:53:02
-0.667156,-3.891822,2023-01-01T00:53:03
-0.667156,-3.891822,2023-01-01T00:53:04
-0.667156,-3.891822,2023-01-01T00:53:05
-0.667156,-3.780628,2023-01-01T00:53:06
-0.667156,-3.780628,2023-01-01T00:53:07
-0.667156,-3.780628,2023-01-01T00:53:08
-0.667156,-3.780628,2023-01-01T00:53:09
-0.667156,-3.669433,2023-01-01T00:53:10
-0.667156,-3.669433,2023-01-01T00:53:11
-0.667156,-3.669433,2023-01-01T00:53:12
-0.667156,-3.558238,2023-01-01T00:53:13
-0.555964,-3.558238,2023-01-01T00:53:14
-0.555964,-3.558238,2023-01-01T00:53:15
-0.555964,-3.558238,2023-01-01T00:53:16
-0.555964,-3.558238,2023-01-01T00:53:17
-0.555964,-3.558238,2023-01-01T00:53:18
-0.555964,-3.558238,2023-01-01T00:53:19
-0.555964,-3.558238,2023-01-01T00:53:20
-0.555964,-3.558238,2023-01-01T00:53:21
-0.555964,-3.558238,2023-01-01T00:53:22
-0.555964,-3.447043,2023-01-01T00:53:23
-0.555964,-3.447043,2023-01-01T00:53:24
-0.555964,-3.447043,2023-01-01T00:53:25
-0.555964,-3.447043,2023-01-01T00:53:26
-0.555964,-3.447043,2023-01-01T00:53:27
-0.555964,-3.447043,2023-01-01T00:53:28
-0.555964,-3.447043,2023-01-01T00:53:29
-0.555964,-3.447043,2023-01-01T00:53:30
-0.555964,-3.447043,2023-01-01T00:53:31
-0.555964,-3.447043,2023-01-01T00:53:32
-0.555964,-3.447043,2023-01-01T00:53:33
-0.555964,-3.447043,2023-01-01T00:53:34
-0.555964,-3.447043,2023-01-01T00:53:35
-0.555964,-3.335848,2023-01-01T00:53:36
-0.555964,-3.335848,2023-01-01T00:53:37
-0.555964,-3.335848,2023-01-01T00:53:38
