lat,lon,timestamp
0.395222,36.88649,2023-01-01T07:30:44
0.395222,36.886491,2023-01-01T07:30:45
0.395222,36.886491,2023-01-01T07:30:46
0.395223,36.886492,2023-01-01T07:30:47
0.395223,36.886493,2023-01-01T07:30:48
0.395223,36.886493,2023-01-01T07:30:49
0.395224,36.886494,2023-01-01T07:30:50
0.395224,36.886494,2023-01-01T07:30:51
0.395224,36.886495,2023-01-01T07:30:52
0.395225,36.886495,2023-01-01T07:30:53
0.395225,36.886496,2023-01-01T07:30:54
0.395225,36.886496,2023-01-01T07:30:55
0.395226,36.886497,2023-01-01T07:30:56
0.395226,36.886497,2023-01-01T07:30:57
0.395226,36.886498,2023-01-01T07:30:58
0.395227,36.886498,2023-01-01T07:30:59
0.395227,36.886499,2023-01-01T07:31:00
0.395227,36.886499,2023-01-01T07:31:01
0.395228,36.8865,2023-01-01T07:31:02
0.395228,36.8865,2023-01-01T07:31:03
0.395228,36.8865,2023-01-01T07:31:04
0.395229,36.886501,2023-01-01T07:31:05
0.395229,36.886501,2023-01-01T07:31:06
0.395229,36.886502,2023-01-01T07:31:07
0.395229,36.886502,2023-01-01T07:31:08
0.39523,36.886502,2023-01-01T07:31:09
0.39523,36.886503,2023-01-01T07:31:10
0.39523,36.886503,2023-01-01T07:31:11
0.395231,36.886503,2023-01-01T07:31:12
0.395231,36.886504,2023-01-01T07:31:13
0.395232,36.886505,2023-01-01T07:31:14
0.395232,36.886505,2023-01-01T07:31:15
0.395233,36.886506,2023-01-01T07:31:16
0.395233,36.886507,2023-01-01T07:31:17
0.395234,36.886507,2023-01-01T07:31:18
0.395234,36.886508,2023-01-01T07:31:19
0.395235,36.886508,2023-01-01T07:31:20
0.395235,36.886509,2023-01-01T07:31:21
0.395236,36.886509,2023-01-01T07:31:22
0.395236,36.88651,2023-01-01T07:31:23
0.395237,36.88651,2023-01-01T07:31:24
0.395237,36.886511,2023-01-01T07:31:25
0.395238,36.886511,2023-01-01T07:31:26
0.395238,36.886512,2023-01-01T07:31:27
0.395239,36.886512,2023-01-01T07:31:28
0.395239,36.886513,2023-01-01T07:31:29
0.395239,36.886514,2023-01-01T07:31:30
0.39524,36.886514,2023-01-01T07:31:31
0.39524,36.886515,2023-01-01T07:31:32
0.395241,36.886515,2023-01-01T07:31:33
0.395241,36.886515,2023-01-01T07:31:34
0.395241,36.886516,2023-01-01T07:31:35
0.395242,36.886516,2023-01-01T07:31:36
0.395242,36.886517,2023-01-01T07:31:37
0.395243,36.886517,2023-01-01T07:31:38
0.395243,36.886518,2023-01-01T07:31:39
0.395244,36.886518,2023-01-01T07:31:40
0.395244,36.886518,2023-01-01T07:31:41
0.395244,36.886519,2023-01-01T07:31:42
0.395245,36.886519,2023-01-01T07:31:43
0.395245,36.88652,2023-01-01T07:31:44
0.395246,36.88652,2023-01-01T07:31:45
0.395246,36.886521,2023-01-01T07:31:46
0.395246,36.886521,2023-01-01T07:31:47
0.395247,36.886522,2023-01-01T07:31:48
0.395247,36.886522,2023-01-01T07:31:49
0.395248,36.886523,2023-01-01T07:31:50
0.395248,36.886523,2023-01-01T07:31:51
0.395249,36.886524,2023-01-01T07:31:52
0.395249,36.886524,2023-01-01T07:31:53
0.395249,36.886525,2023-01-01T07:31:54
0.39525,36.886525,2023-01-01T07:31:55
0.39525,36.886526,2023-01-01T07:31:56
0.395251,36.886526,2023-01-01T07:31:57
0.395251,36.886527,2023-01-01T07:31:58
0.395251,36.886527,2023-01-01T07:31:59
0.395252,36.886527,2023-01-01T07:32:00
0.395252,36.886528,2023-01-01T07:32:01
0.395252,36.886528,2023-01-01T07:32:02
0.395253,36.886529,2023-01-01T07:32:03
0.395253,36.886529,2023-01-01T07:32:04
0.395253,36.88653,2023-01-01T07:32:05
0.395254,36.88653,2023-01-01T07:32:06
0.395254,36.886531,2023-01-01T07:32:07
0.395255,36.886531,2023-01-01T07:32:08
0.395255,36.886532,2023-01-01T07:32:09
0.395255,36.886532,2023-01-01T07:32:10
0.395256,36.886533,2023-01-01T07:32:11
0.395256,36.886533,2023-01-01T07:32:12
0.395256,36.886533,2023-01-01T07:32:13
0.395257,36.886534,2023-01-01T07:32:14
0.395257,36.886534,2023-01-01T07:32:15
0.395257,36.886535,2023-01-01T07:32:16
0.395257,36.886535,2023-01-01T07:32:17
0.395258,36.886536,2023-01-01T07:32:18
0.395258,36.886536,2023-01-01T07:32:19
0.395258,36.886537,2023-01-01T07:32:20
0.395259,36.886537,2023-01-01T07:32:21
0.395259,36.886537,2023-01-01T07:32:22
0.395259,36.886538,2023-01-01T07:32:23
0.39526,36.886538,2023-01-01T07:32:24
0.39526,36.886539,2023-01-01T07:32:25
0.39526,36.886539,2023-01-01T07:32:26
0.39526,36.88654,2023-01-01T07:32:27
0.395261,36.88654,2023-01-01T07:32:28
0.395261,36.886541,2023-01-01T07:32:29
0.395261,36.886541,2023-01-01T07:32:30
0.395261,36.886542,2023-01-01T07:32:31
0.395262,36.886542,2023-01-01T07:32:32
0.395262,36.886543,2023-01-01T07:32:33
0.395262,36.886543,2023-01-01T07:32:34
0.395263,36.886543,2023-01-01T07:32:35
0.395263,36.886544,2023-01-01T07:32:36
0.395263,36.886544,2023-01-01T07:32:37
0.395263,36.886545,2023-01-01T07:32:38
0.395264,36.886545,2023-01-01T07:32:39
0.395264,36.886546,2023-01-01T07:32:40
0.395264,36.886546,2023-01-01T07:32:41
0.395264,36.886546,2023-01-01T07:32:42
0.395265,36.886547,2023-01-01T07:32:43
0.395265,36.886547,2023-01-01T07:32:44
0.395265,36.886548,2023-01-01T07:32:45
0.395266,36.886548,2023-01-01T07:32:46
0.395266,36.886549,2023-01-01T07:32:47
0.395266,36.886549,2023-01-01T07:32:48
0.395267,36.88655,2023-01-01T07:32:49
0.395267,36.88655,2023-01-01T07:32:50
0.395267,36.88655,2023-01-01T07:32:51
0.395268,36.886551,2023-01-01T07:32:52
0.395268,36.886551,2023-01-01T07:32:53
0.395268,36.886552,2023-01-01T07:32:54
0.395268,36.886552,2023-01-01T07:32:55
0.395269,36.886553,2023-01-01T07:32:56
0.395269,36.886553,2023-01-01T07:32:57
0.395269,36.886553,2023-01-01T07:32:58
0.39527,36.886554,2023-01-01T07:32:59
0.39527,36.886554,2023-01-01T07:33:00
0.39527,36.886555,2023-01-01T07:33:01
0.39527,36.886555,2023-01-01T07:33:02
0.395271,36.886555,2023-01-01T07:33:03
0.395271,36.886556,2023-01-01T07:33:04
0.395271,36.886556,2023-01-01T07:33:05
0.395272,36.886556,2023-01-01T07:33:06
0.395272,36.886557,2023-01-01T07:33:07
0.395272,36.886557,2023-01-01T07:33:08
0.395272,36.886558,2023-01-01T07:33:09
0.395273,36.886558,2023-01-01T07:33:10
0.395273,36.886558,2023-01-01T07:33:11
0.395273,36.886559,2023-01-01T07:33:12
0.395273,36.886559,2023-01-01T07:33:13
0.395274,36.886559,2023-01-01T07:33:14
0.395274,36.88656,2023-01-01T07:33:15
0.395274,36.88656,2023-01-01T07:33:16
0.395274,36.88656,2023-01-01T07:33:17
0.395274,36.886561,2023-01-01T07:33:18
0.395275,36.886561,2023-01-01T07:33:19
0.395275,36.886561,2023-01-01T07:33:20
0.395275,36.886562,2023-01-01T07:33:21
0.395275,36.886562,2023-01-01T07:33:22
0.395275,36.886562,2023-01-01T07:33:23
0.395276,36.886563,2023-01-01T07:33:24
0.395276,36.886563,2023-01-01T07:33:25
0.395276,36.886563,2023-01-01T07:33:26
0.395276,36.886564,2023-01-01T07:33:27
0.395276,36.886564,2023-01-01T07:33:28
0.395277,36.886564,2023-01-01T07:33:29
0.395277,36.886565,2023-01-01T07:33:30
0.395277,36.886565,2023-01-01T07:33:31
0.395277,36.886565,2023-01-01T07:33:32
0.395277,36.886566,2023-01-01T07:33:33
0.395278,36.886566,2023-01-01T07:33:34
0.395278,36.886566,2023-01-01T07:33:35
0.395278,36.886567,2023-01-01T07:33:36
0.395278,36.886567,2023-01-01T07:33:37
0.395278,36.886567,2023-01-01T07:33:38
0.395278,36.886568,2023-01-01T07:33:39
0.395279,36.886568,2023-01-01T07:33:40
0.395279,36.886568,2023-01-01T07:33:41
0.395279,36.886569,2023-01-01T07:33:42
0.395279,36.886569,2023-01-01T07:33:43
0.395279,36.886569,2023-01-01T07:33:44
0.395279,36.88657,2023-01-01T07:33:45
0.395279,36.88657,2023-01-01T07:33:46
0.395279,36.88657,2023-01-01T07:33:47
0.395279,36.886571,2023-01-01T07:33:48
0.395279,36.886571,2023-01-01T07:33:49
0.395279,36.886571,2023-01-01T07:33:50
0.395279,36.886571,2023-01-01T07:33:51
0.395279,36.886572,2023-01-01T07:33:52
0.395279,36.886572,2023-01-01T07:33:53
0.395279,36.886572,2023-01-01T07:33:54
0.395279,36.886572,2023-01-01T07:33:55
0.395279,36.886573,2023-01-01T07:33:56
0.395279,36.886573,2023-01-01T07:33:57
0.395279,36.886573,2023-01-01T07:33:58
0.395279,36.886573,2023-01-01T07:33:59
0.395279,36.886574,2023-01-01T07:34:00
0.39528,36.886574,2023-01-01T07:34:01
0.39528,36.886574,2023-01-01T07:34:02
0.39528,36.886574,2023-01-01T07:34:03
0.39528,36.886574,2023-01-01T07:34:04
0.39528,36.886574,2023-01-01T07:34:05
0.39528,36.886575,2023-01-01T07:34:06
0.39528,36.886575,2023-01-01T07:34:07
0.39528,36.886575,2023-01-01T07:34:08
0.39528,36.886575,2023-01-01T07:34:09
0.39528,36.886575,2023-01-01T07:34:10
0.39528,36.886576,2023-01-01T07:34:11
0.39528,36.886576,2023-01-01T07:34:12
0.395281,36.886576,2023-01-01T07:34:13
0.395281,36.886576,2023-01-01T07:34:14
0.395281,36.886576,2023-01-01T07:34:15
0.395281,36.886577,2023-01-01T07:34:16
0.395282,36.886577,2023-01-01T07:34:17
0.395282,36.886577,2023-01-01T07:34:18
0.395282,36.886577,2023-01-01T07:34:19
0.395282,36.886578,2023-01-01T07:34:20
0.395282,36.886578,2023-01-01T07:34:21
0.395283,36.886578,2023-01-01T07:34:22
0.395283,36.886579,2023-01-01T07:34:23
0.395283,36.886579,2023-01-01T07:34:24
0.395283,36.886579,2023-01-01T07:34:25
0.395283,36.886579,2023-01-01T07:34:26
0.395284,36.88658,2023-01-01T07:34:27
0.395284,36.88658,2023-01-01T07:34:28
0.395284,36.88658,2023-01-01T07:34:29
0.395284,36.886581,2023-01-01T07:34:30
0.395284,36.886581,2023-01-01T07:34:31
0.395284,36.886582,2023-01-01T07:34:32
0.395284,36.886582,2023-01-01T07:34:33
0.395284,36.886583,2023-01-01T07:34:34
0.395284,36.886584,2023-01-01T07:34:35
0.395284,36.886585,2023-01-01T07:34:36
0.395284,36.886585,2023-01-01T07:34:37
0.395283,36.886586,2023-01-01T07:34:38
0.395283,36.886587,2023-01-01T07:34:39
0.395283,36.886588,2023-01-01T07:34:40
0.395283,36.886589,2023-01-01T07:34:41
0.395283,36.88659,2023-01-01T07:34:42
0.395282,36.886591,2023-01-01T07:34:43
0.395282,36.886592,2023-01-01T07:34:44
0.395282,36.886593,2023-01-01T07:34:45
0.395282,36.886594,2023-01-01T07:34:46
0.395282,36.886594,2023-01-01T07:34:47
0.395282,36.886595,2023-01-01T07:34:48
0.395281,36.886596,2023-01-01T07:34:49
0.395281,36.886597,2023-01-01T07:34:50
0.395281,36.886598,2023-01-01T07:34:51
0.395281,36.886599,2023-01-01T07:34:52
0.395281,36.8866,2023-01-01T07:34:53
0.39528,36.886601,2023-01-01T07:34:54
0.39528,36.886602,2023-01-01T07:34:55
0.39528,36.886603,2023-01-01T07:34:56
0.39528,36.886604,2023-01-01T07:34:57
0.39528,36.886605,2023-01-01T07:34:58
0.395279,36.886606,2023-01-01T07:34:59
0.395279,36.886608,2023-01-01T07:35:00
0.395279,36.886609,2023-01-01T07:35:01
0.395278,36.88661,2023-01-01T07:35:02
0.395278,36.886611,2023-01-01T07:35:03
0.395278,36.886612,2023-01-01T07:35:04
0.395278,36.886613,2023-01-01T07:35:05
0.395277,36.886614,2023-01-01T07:35:06
0.395277,36.886616,2023-01-01T07:35:07
0.395277,36.886617,2023-01-01T07:35:08
0.395276,36.886618,2023-01-01T07:35:09
0.395276,36.88662,2023-01-01T07:35:10
0.395275,36.886621,2023-01-01T07:35:11
0.395275,36.886623,2023-01-01T07:35:12
0.395275,36.886623,2023-01-01T07:35:13
0.395275,36.886623,2023-01-01T07:35:14
0.395275,36.886624,2023-01-01T07:35:15
0.395275,36.886624,2023-01-01T07:35:16
0.395276,36.886625,2023-01-01T07:35:17
0.395276,36.886625,2023-01-01T07:35:18
0.395276,36.886626,2023-01-01T07:35:19
0.395276,36.886626,2023-01-01T07:35:20
0.395276,36.886627,2023-01-01T07:35:21
0.395276,36.886627,2023-01-01T07:35:22
0.395276,36.886627,2023-01-01T07:35:23
0.395276,36.886628,2023-01-01T07:35:24
0.395277,36.886628,2023-01-01T07:35:25
0.395277,36.886629,2023-01-01T07:35:26
0.395277,36.886629,2023-01-01T07:35:27
0.395277,36.88663,2023-01-01T07:35:28
0.395277,36.88663,2023-01-01T07:35:29
0.395277,36.886631,2023-01-01T07:35:30
0.395277,36.886631,2023-01-01T07:35:31
0.395277,36.886632,2023-01-01T07:35:32
0.395278,36.886632,2023-01-01T07:35:33
0.395278,36.886633,2023-01-01T07:35:34
0.395278,36.886633,2023-01-01T07:35:35
0.395278,36.886634,2023-01-01T07:35:36
0.395278,36.886634,2023-01-01T07:35:37
0.395278,36.886635,2023-01-01T07:35:38
0.395278,36.886635,2023-01-01T07:35:39
0.395278,36.886635,2023-01-01T07:35:40
0.395279,36.886636,2023-01-01T07:35:41
0.395279,36.886636,2023-01-01T07:35:42
0.395279,36.886636,2023-01-01T07:35:43
0.39528,36.886636,2023-01-01T07:35:44
0.39528,36.886635,2023-01-01T07:35:45
0.395281,36.886635,2023-01-01T07:35:46
0.395281,36.886635,2023-01-01T07:35:47
0.395282,36.886634,2023-01-01T07:35:48
0.395282,36.886634,2023-01-01T07:35:49
0.395283,36.886634,2023-01-01T07:35:50
0.395283,36.886634,2023-01-01T07:35:51
0.395283,36.886634,2023-01-01T07:35:52
0.395284,36.886633,2023-01-01T07:35:53
0.395284,36.886633,2023-01-01T07:35:54
0.395285,36.886633,2023-01-01T07:35:55
0.395285,36.886633,2023-01-01T07:35:56
0.395285,36.886633,2023-01-01T07:35:57
0.395286,36.886633,2023-01-01T07:35:58
0.395286,36.886633,2023-01-01T07:35:59
0.395287,36.886632,2023-01-01T07:36:00
0.395287,36.886632,2023-01-01T07:36:01
0.395287,36.886632,2023-01-01T07:36:02
0.395288,36.886632,2023-01-01T07:36:03
0.395288,36.886632,2023-01-01T07:36:04
0.395288,36.886632,2023-01-01T07:36:05
0.395289,36.886632,2023-01-01T07:36:06
0.395289,36.886632,2023-01-01T07:36:07
0.395289,36.886632,2023-01-01T07:36:08
0.39529,36.886632,2023-01-01T07:36:09
0.39529,36.886632,2023-01-01T07:36:10
0.39529,36.886632,2023-01-01T07:36:11
0.39529,36.886632,2023-01-01T07:36:12
0.39529,36.886632,2023-01-01T07:36:13
0.39529,36.886633,2023-01-01T07:36:14
0.39529,36.886633,2023-01-01T07:36:15
0.39529,36.886633,2023-01-01T07:36:16
0.39529,36.886634,2023-01-01T07:36:17
0.39529,36.886634,2023-01-01T07:36:18
0.39529,36.886635,2023-01-01T07:36:19
0.39529,36.886635,2023-01-01T07:36:20
0.39529,36.886636,2023-01-01T07:36:21
0.39529,36.886637,2023-01-01T07:36:22
0.395289,36.886638,2023-01-01T07:36:23
0.395289,36.886638,2023-01-01T07:36:24
0.395289,36.886639,2023-01-01T07:36:25
0.395288,36.886641,2023-01-01T07:36:26
0.395288,36.886642,2023-01-01T07:36:27
0.395288,36.886643,2023-01-01T07:36:28
0.395287,36.886644,2023-01-01T07:36:29
0.395287,36.886646,2023-01-01T07:36:30
0.395286,36.886647,2023-01-01T07:36:31
0.395285,36.886648,2023-01-01T07:36:32
0.395285,36.88665,2023-01-01T07:36:33
0.395284,36.886652,2023-01-01T07:36:34
0.395283,36.886653,2023-01-01T07:36:35
0.395283,36.886655,2023-01-01T07:36:36
0.395282,36.886657,2023-01-01T07:36:37
0.395281,36.886659,2023-01-01T07:36:38
0.39528,36.886661,2023-01-01T07:36:39
0.39528,36.886663,2023-01-01T07:36:40
0.395279,36.886665,2023-01-01T07:36:41
0.395278,36.886667,2023-01-01T07:36:42
0.395278,36.886668,2023-01-01T07:36:43
0.395278,36.886668,2023-01-01T07:36:44
0.395277,36.886669,2023-01-01T07:36:45
0.395277,36.88667,2023-01-01T07:36:46
0.395277,36.886671,2023-01-01T07:36:47
0.395277,36.886672,2023-01-01T07:36:48
0.395277,36.886672,2023-01-01T07:36:49
0.395276,36.886673,2023-01-01T07:36:50
0.395276,36.886674,2023-01-01T07:36:51
0.395276,36.886675,2023-01-01T07:36:52
0.395275,36.886676,2023-01-01T07:36:53
0.395275,36.886677,2023-01-01T07:36:54
0.395275,36.886678,2023-01-01T07:36:55
0.395274,36.886679,2023-01-01T07:36:56
0.395274,36.88668,2023-01-01T07:36:57
0.395274,36.886682,2023-01-01T07:36:58
0.395273,36.886683,2023-01-01T07:36:59
0.395273,36.886684,2023-01-01T07:37:00
0.395272,36.886685,2023-01-01T07:37:01
0.395272,36.886686,2023-01-01T07:37:02
0.395271,36.886688,2023-01-01T07:37:03
0.395271,36.886689,2023-01-01T07:37:04
0.39527,36.88669,2023-01-01T07:37:05
0.39527,36.886692,2023-01-01T07:37:06
0.395269,36.886693,2023-01-01T07:37:07
0.395269,36.886694,2023-01-01T07:37:08
0.395268,36.886696,2023-01-01T07:37:09
0.395267,36.886697,2023-01-01T07:37:10
0.395267,36.886699,2023-01-01T07:37:11
0.395266,36.8867,2023-01-01T07:37:12
0.395267,36.886699,2023-01-01T07:37:13
0.395267,36.886699,2023-01-01T07:37:14
0.395268,36.886698,2023-01-01T07:37:15
0.395268,36.886697,2023-01-01T07:37:16
0.395268,36.886697,2023-01-01T07:37:17
0.395269,36.886696,2023-01-01T07:37:18
0.395269,36.886696,2023-01-01T07:37:19
0.395269,36.886696,2023-01-01T07:37:20
0.39527,36.886695,2023-01-01T07:37:21
0.39527,36.886695,2023-01-01T07:37:22
0.39527,36.886695,2023-01-01T07:37:23
0.39527,36.886695,2023-01-01T07:37:24
0.395271,36.886695,2023-01-01T07:37:25
0.395271,36.886695,2023-01-01T07:37:26
0.395271,36.886694,2023-01-01T07:37:27
0.395271,36.886695,2023-01-01T07:37:28
0.395271,36.886695,2023-01-01T07:37:29
0.395271,36.886695,2023-01-01T07:37:30
0.395271,36.886695,2023-01-01T07:37:31
0.395271,36.886695,2023-01-01T07:37:32
0.395271,36.886695,2023-01-01T07:37:33
0.395271,36.886696,2023-01-01T07:37:34
0.395271,36.886696,2023-01-01T07:37:35
0.395271,36.886697,2023-01-01T07:37:36
0.395271,36.886697,2023-01-01T07:37:37
0.395271,36.886697,2023-01-01T07:37:38
0.395271,36.886698,2023-01-01T07:37:39
0.395271,36.886698,2023-01-01T07:37:40
0.395271,36.886699,2023-01-01T07:37:41
0.39527,36.886699,2023-01-01T07:37:42
0.395271,36.886699,2023-01-01T07:37:43
0.395271,36.886698,2023-01-01T07:37:44
0.395272,36.886697,2023-01-01T07:37:45
0.395272,36.886696,2023-01-01T07:37:46
0.395273,36.886696,2023-01-01T07:37:47
0.395273,36.886695,2023-01-01T07:37:48
0.395274,36.886695,2023-01-01T07:37:49
0.395274,36.886694,2023-01-01T07:37:50
0.395274,36.886694,2023-01-01T07:37:51
0.395275,36.886693,2023-01-01T07:37:52
0.395275,36.886693,2023-01-01T07:37:53
0.395276,36.886692,2023-01-01T07:37:54
0.395276,36.886692,2023-01-01T07:37:55
0.395276,36.886691,2023-01-01T07:37:56
0.395277,36.886691,2023-01-01T07:37:57
0.395277,36.88669,2023-01-01T07:37:58
0.395277,36.88669,2023-01-01T07:37:59
0.395278,36.886689,2023-01-01T07:38:00
0.395278,36.886689,2023-01-01T07:38:01
0.395278,36.886688,2023-01-01T07:38:02
0.395279,36.886688,2023-01-01T07:38:03
0.395279,36.886688,2023-01-01T07:38:04
0.39528,36.886687,2023-01-01T07:38:05
0.39528,36.886687,2023-01-01T07:38:06
0.39528,36.886686,2023-01-01T07:38:07
0.395281,36.886686,2023-01-01T07:38:08
0.395281,36.886686,2023-01-01T07:38:09
0.395281,36.886686,2023-01-01T07:38:10
0.395282,36.886685,2023-01-01T07:38:11
0.395282,36.886685,2023-01-01T07:38:12
0.395283,36.886684,2023-01-01T07:38:13
0.395283,36.886683,2023-01-01T07:38:14
0.395284,36.886682,2023-01-01T07:38:15
0.395285,36.886681,2023-01-01T07:38:16
0.395285,36.886681,2023-01-01T07:38:17
0.395286,36.88668,2023-01-01T07:38:18
0.395286,36.886679,2023-01-01T07:38:19
0.395287,36.886678,2023-01-01T07:38:20
0.395288,36.886678,2023-01-01T07:38:21
0.395288,36.886677,2023-01-01T07:38:22
0.395289,36.886676,2023-01-01T07:38:23
0.395289,36.886676,2023-01-01T07:38:24
0.39529,36.886675,2023-01-01T07:38:25
0.39529,36.886674,2023-01-01T07:38:26
0.395291,36.886674,2023-01-01T07:38:27
0.395291,36.886673,2023-01-01T07:38:28
0.395292,36.886673,2023-01-01T07:38:29
0.395292,36.886672,2023-01-01T07:38:30
0.395293,36.886672,2023-01-01T07:38:31
0.395293,36.886671,2023-01-01T07:38:32
0.395294,36.886671,2023-01-01T07:38:33
0.395294,36.886671,2023-01-01T07:38:34
0.395295,36.88667,2023-01-01T07:38:35
0.395295,36.88667,2023-01-01T07:38:36
0.395296,36.886669,2023-01-01T07:38:37
0.395296,36.886669,2023-01-01T07:38:38
0.395297,36.886669,2023-01-01T07:38:39
0.395297,36.886668,2023-01-01T07:38:40
0.395297,36.886668,2023-01-01T07:38:41
0.395298,36.886668,2023-01-01T07:38:42
0.395298,36.886667,2023-01-01T07:38:43
0.395299,36.886667,2023-01-01T07:38:44
0.395299,36.886667,2023-01-01T07:38:45
0.3953,36.886667,2023-01-01T07:38:46
0.3953,36.886667,2023-01-01T07:38:47
0.395301,36.886666,2023-01-01T07:38:48
0.395301,36.886666,2023-01-01T07:38:49
0.395302,36.886666,2023-01-01T07:38:50
0.395302,36.886666,2023-01-01T07:38:51
0.395303,36.886666,2023-01-01T07:38:52
0.395303,36.886666,2023-01-01T07:38:53
0.395304,36.886666,2023-01-01T07:38:54
0.395304,36.886665,2023-01-01T07:38:55
0.395305,36.886665,2023-01-01T07:38:56
0.395305,36.886665,2023-01-01T07:38:57
0.395305,36.886665,2023-01-01T07:38:58
0.395306,36.886665,2023-01-01T07:38:59
0.395306,36.886665,2023-01-01T07:39:00
0.395307,36.886665,2023-01-01T07:39:01
0.395307,36.886664,2023-01-01T07:39:02
0.395307,36.886664,2023-01-01T07:39:03
0.395308,36.886664,2023-01-01T07:39:04
0.395308,36.886664,2023-01-01T07:39:05
0.395309,36.886664,2023-01-01T07:39:06
0.395309,36.886664,2023-01-01T07:39:07
0.39531,36.886664,2023-01-01T07:39:08
0.39531,36.886664,2023-01-01T07:39:09
0.39531,36.886664,2023-01-01T07:39:10
0.395311,36.886664,2023-01-01T07:39:11
0.395311,36.886664,2023-01-01T07:39:12
0.395312,36.886664,2023-01-01T07:39:13
0.395312,36.886664,2023-01-01T07:39:14
0.395312,36.886664,2023-01-01T07:39:15
0.395313,36.886664,2023-01-01T07:39:16
0.395313,36.886664,2023-01-01T07:39:17
0.395314,36.886664,2023-01-01T07:39:18
0.395314,36.886664,2023-01-01T07:39:19
0.395314,36.886664,2023-01-01T07:39:20
0.395315,36.886664,2023-01-01T07:39:21
0.395315,36.886664,2023-01-01T07:39:22
0.395315,36.886664,2023-01-01T07:39:23
0.395316,36.886664,2023-01-01T07:39:24
0.395316,36.886664,2023-01-01T07:39:25
0.395317,36.886664,2023-01-01T07:39:26
0.395317,36.886664,2023-01-01T07:39:27
0.395317,36.886664,2023-01-01T07:39:28
0.395318,36.886664,2023-01-01T07:39:29
0.395318,36.886664,2023-01-01T07:39:30
0.395319,36.886665,2023-01-01T07:39:31
0.395319,36.886665,2023-01-01T07:39:32
0.395319,36.886665,2023-01-01T07:39:33
0.39532,36.886665,2023-01-01T07:39:34
0.39532,36.886665,2023-01-01T07:39:35
0.39532,36.886665,2023-01-01T07:39:36
0.395321,36.886665,2023-01-01T07:39:37
0.395321,36.886665,2023-01-01T07:39:38
0.395321,36.886665,2023-01-01T07:39:39
0.395322,36.886665,2023-01-01T07:39:40
0.395322,36.886665,2023-01-01T07:39:41
0.395323,36.886665,2023-01-01T07:39:42
0.395323,36.886665,2023-01-01T07:39:43
0.395323,36.886665,2023-01-01T07:39:44
0.395324,36.886665,2023-01-01T07:39:45
0.395324,36.886666,2023-01-01T07:39:46
0.395324,36.886666,2023-01-01T07:39:47
0.395325,36.886666,2023-01-01T07:39:48
0.395325,36.886666,2023-01-01T07:39:49
0.395325,36.886666,2023-01-01T07:39:50
0.395325,36.886666,2023-01-01T07:39:51
0.395326,36.886667,2023-01-01T07:39:52
0.395326,36.886667,2023-01-01T07:39:53
0.395326,36.886667,2023-01-01T07:39:54
0.395327,36.886667,2023-01-01T07:39:55
0.395327,36.886667,2023-01-01T07:39:56
0.395327,36.886667,2023-01-01T07:39:57
0.395328,36.886667,2023-01-01T07:39:58
0.395328,36.886668,2023-01-01T07:39:59
0.395328,36.886668,2023-01-01T07:40:00
0.395328,36.886668,2023-01-01T07:40:01
0.395329,36.886668,2023-01-01T07:40:02
0.395329,36.886668,2023-01-01T07:40:03
0.395329,36.886668,2023-01-01T07:40:04
0.395329,36.886668,2023-01-01T07:40:05
0.39533,36.886669,2023-01-01T07:40:06
0.39533,36.886669,2023-01-01T07:40:07
0.39533,36.886669,2023-01-01T07:40:08
0.39533,36.886669,2023-01-01T07:40:09
0.395331,36.886669,2023-01-01T07:40:10
0.395331,36.886669,2023-01-01T07:40:11
0.395331,36.886669,2023-01-01T07:40:12
0.395331,36.886669,2023-01-01T07:40:13
0.395331,36.886669,2023-01-01T07:40:14
0.395332,36.88667,2023-01-01T07:40:15
0.395332,36.88667,2023-01-01T07:40:16
0.395332,36.88667,2023-01-01T07:40:17
0.395332,36.88667,2023-01-01T07:40:18
0.395333,36.88667,2023-01-01T07:40:19
0.395333,36.88667,2023-01-01T07:40:20
0.395333,36.88667,2023-01-01T07:40:21
0.395333,36.88667,2023-01-01T07:40:22
0.395333,36.88667,2023-01-01T07:40:23
0.395333,36.88667,2023-01-01T07:40:24
0.395333,36.88667,2023-01-01T07:40:25
0.395333,36.88667,2023-01-01T07:40:26
0.395333,36.886669,2023-01-01T07:40:27
0.395333,36.886669,2023-01-01T07:40:28
0.395333,36.886669,2023-01-01T07:40:29
0.395333,36.886669,2023-01-01T07:40:30
0.395333,36.886669,2023-01-01T07:40:31
0.395333,36.886669,2023-01-01T07:40:32
0.395333,36.886669,2023-01-01T07:40:33
0.395333,36.886668,2023-01-01T07:40:34
0.395333,36.886668,2023-01-01T07:40:35
0.395333,36.886668,2023-01-01T07:40:36
0.395333,36.886667,2023-01-01T07:40:37
0.395333,36.886667,2023-01-01T07:40:38
0.395333,36.886667,2023-01-01T07:40:39
0.395333,36.886666,2023-01-01T07:40:40
0.395333,36.886666,2023-01-01T07:40:41
0.395332,36.886665,2023-01-01T07:40:42
0.395332,36.886665,2023-01-01T07:40:43
0.395332,36.886665,2023-01-01T07:40:44
0.395332,36.886665,2023-01-01T07:40:45
0.395332,36.886664,2023-01-01T07:40:46
0.395332,36.886664,2023-01-01T07:40:47
0.395332,36.886664,2023-01-01T07:40:48
0.395332,36.886664,2023-01-01T07:40:49
0.395332,36.886663,2023-01-01T07:40:50
0.395332,36.886663,2023-01-01T07:40:51
0.395332,36.886663,2023-01-01T07:40:52
0.395332,36.886662,2023-01-01T07:40:53
0.395332,36.886662,2023-01-01T07:40:54
0.395332,36.886662,2023-01-01T07:40:55
0.395332,36.886661,2023-01-01T07:40:56
0.395331,36.886661,2023-01-01T07:40:57
0.395331,36.886661,2023-01-01T07:40:58
0.395331,36.88666,2023-01-01T07:40:59
0.395331,36.88666,2023-01-01T07:41:00
0.395331,36.886659,2023-01-01T07:41:01
0.395331,36.886659,2023-01-01T07:41:02
0.39533,36.886658,2023-01-01T07:41:03
0.39533,36.886658,2023-01-01T07:41:04
0.39533,36.886657,2023-01-01T07:41:05
0.39533,36.886657,2023-01-01T07:41:06
0.39533,36.886656,2023-01-01T07:41:07
0.39533,36.886656,2023-01-01T07:41:08
0.395329,36.886655,2023-01-01T07:41:09
0.395329,36.886655,2023-01-01T07:41:10
0.395329,36.886655,2023-01-01T07:41:11
0.395329,36.886655,2023-01-01T07:41:12
0.395329,36.886655,2023-01-01T07:41:13
0.395329,36.886655,2023-01-01T07:41:14
0.395329,36.886655,2023-01-01T07:41:15
0.395328,36.886655,2023-01-01T07:41:16
0.395328,36.886655,2023-01-01T07:41:17
0.395328,36.886655,2023-01-01T07:41:18
0.395328,36.886655,2023-01-01T07:41:19
0.395328,36.886655,2023-01-01T07:41:20
0.395328,36.886655,2023-01-01T07:41:21
0.395328,36.886655,2023-01-01T07:41:22
0.395328,36.886655,2023-01-01T07:41:23
0.395328,36.886655,2023-01-01T07:41:24
0.395328,36.886656,2023-01-01T07:41:25
0.395329,36.886656,2023-01-01T07:41:26
0.395329,36.886656,2023-01-01T07:41:27
0.395329,36.886656,2023-01-01T07:41:28
0.39533,36.886656,2023-01-01T07:41:29
0.39533,36.886656,2023-01-01T07:41:30
0.39533,36.886657,2023-01-01T07:41:31
0.395331,36.886657,2023-01-01T07:41:32
0.395331,36.886657,2023-01-01T07:41:33
0.395332,36.886657,2023-01-01T07:41:34
0.395332,36.886658,2023-01-01T07:41:35
0.395332,36.886658,2023-01-01T07:41:36
0.395333,36.886658,2023-01-01T07:41:37
0.395333,36.886658,2023-01-01T07:41:38
0.395334,36.886659,2023-01-01T07:41:39
0.395334,36.886659,2023-01-01T07:41:40
0.395335,36.886659,2023-01-01T07:41:41
0.395335,36.886659,2023-01-01T07:41:42
0.395336,36.88666,2023-01-01T07:41:43
0.395336,36.88666,2023-01-01T07:41:44
0.395337,36.886661,2023-01-01T07:41:45
0.395337,36.886661,2023-01-01T07:41:46
0.395338,36.886662,2023-01-01T07:41:47
0.395338,36.886662,2023-01-01T07:41:48
0.395339,36.886663,2023-01-01T07:41:49
0.395339,36.886663,2023-01-01T07:41:50
0.39534,36.886664,2023-01-01T07:41:51
0.39534,36.886664,2023-01-01T07:41:52
0.39534,36.886665,2023-01-01T07:41:53
0.395341,36.886665,2023-01-01T07:41:54
0.395341,36.886666,2023-01-01T07:41:55
0.395342,36.886666,2023-01-01T07:41:56
0.395342,36.886666,2023-01-01T07:41:57
0.395343,36.886667,2023-01-01T07:41:58
0.395343,36.886667,2023-01-01T07:41:59
0.395344,36.886668,2023-01-01T07:42:00
0.395344,36.886668,2023-01-01T07:42:01
0.395344,36.886669,2023-01-01T07:42:02
0.395345,36.886669,2023-01-01T07:42:03
0.395345,36.886669,2023-01-01T07:42:04
0.395346,36.88667,2023-01-01T07:42:05
0.395346,36.88667,2023-01-01T07:42:06
0.395347,36.886671,2023-01-01T07:42:07
0.395347,36.886671,2023-01-01T07:42:08
0.395347,36.886671,2023-01-01T07:42:09
0.395348,36.886672,2023-01-01T07:42:10
0.395348,36.886672,2023-01-01T07:42:11
0.395349,36.886673,2023-01-01T07:42:12
0.395349,36.886673,2023-01-01T07:42:13
0.39535,36.886673,2023-01-01T07:42:14
0.39535,36.886674,2023-01-01T07:42:15
0.395351,36.886674,2023-01-01T07:42:16
0.395351,36.886674,2023-01-01T07:42:17
0.395351,36.886674,2023-01-01T07:42:18
0.395352,36.886675,2023-01-01T07:42:19
0.395352,36.886675,2023-01-01T07:42:20
0.395353,36.886675,2023-01-01T07:42:21
0.395353,36.886675,2023-01-01T07:42:22
0.395353,36.886676,2023-01-01T07:42:23
0.395354,36.886676,2023-01-01T07:42:24
0.395354,36.886676,2023-01-01T07:42:25
0.395354,36.886676,2023-01-01T07:42:26
0.395355,36.886676,2023-01-01T07:42:27
0.395355,36.886677,2023-01-01T07:42:28
0.395355,36.886677,2023-01-01T07:42:29
0.395356,36.886677,2023-01-01T07:42:30
0.395356,36.886677,2023-01-01T07:42:31
0.395356,36.886677,2023-01-01T07:42:32
0.395356,36.886677,2023-01-01T07:42:33
0.395357,36.886677,2023-01-01T07:42:34
0.395357,36.886677,2023-01-01T07:42:35
0.395357,36.886677,2023-01-01T07:42:36
0.395357,36.886677,2023-01-01T07:42:37
0.395357,36.886677,2023-01-01T07:42:38
0.395357,36.886677,2023-01-01T07:42:39
0.395358,36.886677,2023-01-01T07:42:40
0.395358,36.886677,2023-01-01T07:42:41
0.395358,36.886677,2023-01-01T07:42:42
0.395359,36.886677,2023-01-01T07:42:43
0.395359,36.886678,2023-01-01T07:42:44
0.395359,36.886678,2023-01-01T07:42:45
0.39536,36.886678,2023-01-01T07:42:46
0.39536,36.886678,2023-01-01T07:42:47
0.39536,36.886678,2023-01-01T07:42:48
0.39536,36.886678,2023-01-01T07:42:49
0.395361,36.886679,2023-01-01T07:42:50
0.395361,36.886679,2023-01-01T07:42:51
0.395361,36.886679,2023-01-01T07:42:52
0.395362,36.886679,2023-01-01T07:42:53
0.395362,36.886679,2023-01-01T07:42:54
0.395362,36.886679,2023-01-01T07:42:55
0.395363,36.886679,2023-01-01T07:42:56
0.395363,36.88668,2023-01-01T07:42:57
0.395363,36.88668,2023-01-01T07:42:58
0.395363,36.88668,2023-01-01T07:42:59
0.395364,36.88668,2023-01-01T07:43:00
0.395364,36.88668,2023-01-01T07:43:01
0.395364,36.886681,2023-01-01T07:43:02
0.395364,36.886681,2023-01-01T07:43:03
0.395365,36.886681,2023-01-01T07:43:04
0.395365,36.886681,2023-01-01T07:43:05
0.395365,36.886681,2023-01-01T07:43:06
0.395365,36.886681,2023-01-01T07:43:07
0.395366,36.886682,2023-01-01T07:43:08
0.395366,36.886682,2023-01-01T07:43:09
0.395366,36.886682,2023-01-01T07:43:10
0.395366,36.886682,2023-01-01T07:43:11
0.395366,36.886683,2023-01-01T07:43:12
0.395366,36.886683,2023-01-01T07:43:13
0.395366,36.886683,2023-01-01T07:43:14
0.395366,36.886684,2023-01-01T07:43:15
0.395366,36.886684,2023-01-01T07:43:16
0.395366,36.886684,2023-01-01T07:43:17
0.395365,36.886685,2023-01-01T07:43:18
0.395365,36.886685,2023-01-01T07:43:19
0.395365,36.886685,2023-01-01T07:43:20
0.395365,36.886686,2023-01-01T07:43:21
0.395365,36.886686,2023-01-01T07:43:22
0.395365,36.886686,2023-01-01T07:43:23
0.395365,36.886687,2023-01-01T07:43:24
0.395365,36.886687,2023-01-01T07:43:25
0.395365,36.886687,2023-01-01T07:43:26
0.395365,36.886688,2023-01-01T07:43:27
0.395365,36.886688,2023-01-01T07:43:28
0.395365,36.886688,2023-01-01T07:43:29
0.395365,36.886689,2023-01-01T07:43:30
0.395364,36.886689,2023-01-01T07:43:31
0.395364,36.886689,2023-01-01T07:43:32
0.395364,36.88669,2023-01-01T07:43:33
0.395364,36.88669,2023-01-01T07:43:34
0.395364,36.88669,2023-01-01T07:43:35
0.395364,36.886691,2023-01-01T07:43:36
0.395364,36.886691,2023-01-01T07:43:37
0.395364,36.886692,2023-01-01T07:43:38
0.395364,36.886692,2023-01-01T07:43:39
0.395364,36.886692,2023-01-01T07:43:40
0.395364,36.886693,2023-01-01T07:43:41
0.395365,36.886693,2023-01-01T07:43:42
0.395365,36.886694,2023-01-01T07:43:43
0.395365,36.886694,2023-01-01T07:43:44
0.395366,36.886695,2023-01-01T07:43:45
0.395366,36.886695,2023-01-01T07:43:46
0.395367,36.886696,2023-01-01T07:43:47
0.395367,36.886696,2023-01-01T07:43:48
0.395367,36.886697,2023-01-01T07:43:49
0.395368,36.886697,2023-01-01T07:43:50
0.395368,36.886698,2023-01-01T07:43:51
0.395368,36.886698,2023-01-01T07:43:52
0.395369,36.886699,2023-01-01T07:43:53
0.395369,36.886699,2023-01-01T07:43:54
0.39537,36.886699,2023-01-01T07:43:55
0.39537,36.8867,2023-01-01T07:43:56
0.39537,36.8867,2023-01-01T07:43:57
0.395371,36.886701,2023-01-01T07:43:58
0.395371,36.886701,2023-01-01T07:43:59
0.395371,36.886702,2023-01-01T07:44:00
0.395371,36.886702,2023-01-01T07:44:01
0.395372,36.886702,2023-01-01T07:44:02
0.395372,36.886703,2023-01-01T07:44:03
0.395372,36.886703,2023-01-01T07:44:04
0.395373,36.886703,2023-01-01T07:44:05
0.395373,36.886704,2023-01-01T07:44:06
0.395373,36.886704,2023-01-01T07:44:07
